{
  "model_name": "panel_transformer",
  "split": "test",
  "generated_at": "2026-04-06 00:23:29",
  "metrics": {
    "accuracy": 0.3953488372093023,
    "precision": 0.4117647058823529,
    "recall": 0.30434782608695654,
    "auc": 0.47391304347826085,
    "tp": 7,
    "fp": 10,
    "tn": 10,
    "fn": 16,
    "brier_score": 0.25462227602850945,
    "ece": 0.1318491639164417,
    "return_mae": 1.4016132566124895,
    "return_rmse": 2.374930479901648,
    "return_nll": 2.1618215096426683,
    "avg_predicted_return": -0.15183233972205673,
    "avg_actual_return": 0.03869701402131901
  },
  "backtest": {
    "pnl": -0.007961301505572164,
    "gross_pnl": -0.006911301505572165,
    "transaction_cost_pnl": -0.0007000000000000001,
    "slippage_pnl": -0.00035000000000000005,
    "sharpe": -12.839720288446298,
    "max_drawdown": -0.013740063787623187,
    "hit_rate": 0.32142857142857145,
    "trade_count": 7,
    "long_count": 7,
    "short_count": 21,
    "flat_count": 15,
    "flip_positions": false,
    "nan_signal_count": 0,
    "cost_bps_per_trade": 1.0,
    "slippage_bps": 0.5,
    "equity_curve": [
      1.0,
      1.0,
      0.9998575917396667,
      0.9987487694661725,
      0.9974804880325073,
      0.9966341240839609,
      0.9955804451003942,
      1.0005733448811034,
      0.9966871249249083,
      0.9989540201906245,
      0.9948044545835463,
      0.9943124127488013,
      0.9938383448617378,
      0.9868254032982415,
      0.989174929439315,
      0.986919991438627,
      0.9905780574815355,
      0.9900191827346347,
      0.9894458970350607,
      0.9943980977064372,
      0.9929148296413777,
      0.9940063332177915,
      0.9938572322678089,
      0.9938572322678089,
      0.9938572322678089,
      0.9938572322678089,
      0.9938572322678089,
      0.9926144117886647,
      0.9924655196268964,
      0.9924655196268964,
      0.9924655196268964,
      0.9924655196268964,
      0.9924655196268964,
      0.9924655196268964,
      0.9924655196268964,
      0.9925267461412887,
      0.9928260343015328,
      0.9924526897102142,
      0.994081855478501,
      0.9939327432001793,
      0.9939327432001793,
      0.9932576402661327,
      0.9926079871281736,
      0.9919823446078199
    ]
  }
}