{
  "model_name": "panel_transformer",
  "split": "test",
  "generated_at": "2026-04-06 00:27:33",
  "metrics": {
    "accuracy": 0.4418604651162791,
    "precision": 0.3333333333333333,
    "recall": 0.043478260869565216,
    "auc": 0.47608695652173916,
    "tp": 1,
    "fp": 2,
    "tn": 18,
    "fn": 22,
    "brier_score": 0.2520298669504973,
    "ece": 0.075939090117052,
    "return_mae": 0.4463676023621892,
    "return_rmse": 0.5444648347136634,
    "return_nll": 0.9050370192142568,
    "avg_predicted_return": 0.9145182551339616,
    "avg_actual_return": 0.500000006584234
  },
  "backtest": {
    "pnl": 0.00761649674470149,
    "gross_pnl": 0.00851649674470149,
    "transaction_cost_pnl": -0.0006000000000000001,
    "slippage_pnl": -0.00030000000000000003,
    "sharpe": 14.149442536895117,
    "max_drawdown": -0.004419554899605771,
    "hit_rate": 0.2777777777777778,
    "trade_count": 6,
    "long_count": 0,
    "short_count": 18,
    "flat_count": 25,
    "flip_positions": false,
    "nan_signal_count": 0,
    "cost_bps_per_trade": 1.0,
    "slippage_bps": 0.5,
    "equity_curve": [
      1.0,
      1.0,
      0.9998575917396667,
      0.9987487694661725,
      0.9974804880325073,
      0.9966341240839609,
      0.9955804451003942,
      1.0005733448811034,
      0.9966871249249083,
      0.9965376218561696,
      0.9965376218561696,
      0.9965376218561696,
      0.9965376218561696,
      0.9965376218561696,
      0.9987607911115343,
      0.9964840010368494,
      1.000177516537717,
      0.9996132258670433,
      0.9990343845905423,
      1.0040345758742928,
      1.0025369338071521,
      1.002386553267081,
      1.002386553267081,
      1.002386553267081,
      1.002386553267081,
      1.002386553267081,
      1.002386553267081,
      1.002386553267081,
      1.002386553267081,
      1.0020238458364492,
      1.0017217180728573,
      1.0077927049842872,
      1.0077294782869455,
      1.0075783188652025,
      1.0075783188652025,
      1.0075783188652025,
      1.0075783188652025,
      1.0075783188652025,
      1.0075783188652025,
      1.0075783188652025,
      1.0075783188652025,
      1.0075783188652025,
      1.0075783188652025,
      1.0075783188652025
    ]
  }
}