{
  "seeds": [
    7,
    42,
    99
  ],
  "configs": {
    "baseline_features_only": {
      "config_path": "/Users/abhi/Desktop/Alpha0 Quant/experiments/baseline_features_only.yaml",
      "rows": [
        {
          "config": "baseline_features_only",
          "seed": 7,
          "val_best_score": 0.5683333333333334,
          "test_auc": 0.4260869565217391,
          "test_accuracy": 0.4883720930232558,
          "pnl": -0.004341889398430252,
          "sharpe": -15.0328854451812,
          "trade_count": 9,
          "hit_rate": 0.4444444444444444,
          "long_count": 18,
          "short_count": 0,
          "report_path": "/Users/abhi/Desktop/Alpha0 Quant/models/logs/tiny_ablation/baseline_features_only/seed_7/evaluation_report.json"
        },
        {
          "config": "baseline_features_only",
          "seed": 42,
          "val_best_score": 0.5566666666666666,
          "test_auc": 0.49782608695652175,
          "test_accuracy": 0.46511627906976744,
          "pnl": -0.0008811023934382133,
          "sharpe": -1.2892366055348055,
          "trade_count": 4,
          "hit_rate": 0.28,
          "long_count": 0,
          "short_count": 25,
          "report_path": "/Users/abhi/Desktop/Alpha0 Quant/models/logs/tiny_ablation/baseline_features_only/seed_42/evaluation_report.json"
        },
        {
          "config": "baseline_features_only",
          "seed": 99,
          "val_best_score": 0.5883333333333334,
          "test_auc": 0.4326086956521739,
          "test_accuracy": 0.5348837209302325,
          "pnl": -0.004791389031750898,
          "sharpe": -6.527917431988987,
          "trade_count": 1,
          "hit_rate": 0.5476190476190477,
          "long_count": 42,
          "short_count": 0,
          "report_path": "/Users/abhi/Desktop/Alpha0 Quant/models/logs/tiny_ablation/baseline_features_only/seed_99/evaluation_report.json"
        }
      ],
      "aggregate": {
        "val_best_score": {
          "mean": 0.5711111111111111,
          "std": 0.01601503922822178,
          "min": 0.5566666666666666,
          "max": 0.5883333333333334
        },
        "test_auc": {
          "mean": 0.45217391304347826,
          "std": 0.0396701904149884,
          "min": 0.4260869565217391,
          "max": 0.49782608695652175
        },
        "test_accuracy": {
          "mean": 0.49612403100775193,
          "std": 0.03552384259655688,
          "min": 0.46511627906976744,
          "max": 0.5348837209302325
        },
        "pnl": {
          "mean": -0.0033381269412064546,
          "std": 0.0021396821496055545,
          "min": -0.004791389031750898,
          "max": -0.0008811023934382133
        },
        "sharpe": {
          "mean": -7.616679827568331,
          "std": 6.936211035024755,
          "min": -15.0328854451812,
          "max": -1.2892366055348055
        },
        "trade_count": {
          "mean": 4.666666666666667,
          "std": 4.041451884327381,
          "min": 1.0,
          "max": 9.0
        },
        "hit_rate": {
          "mean": 0.424021164021164,
          "std": 0.13497341015758432,
          "min": 0.28,
          "max": 0.5476190476190477
        }
      },
      "equity_plot": "/Users/abhi/Desktop/Alpha0 Quant/models/logs/tiny_ablation/baseline_features_only/equity_multi_seed.svg"
    },
    "baseline_plus_vol_target": {
      "config_path": "/Users/abhi/Desktop/Alpha0 Quant/experiments/baseline_plus_vol_target.yaml",
      "rows": [
        {
          "config": "baseline_plus_vol_target",
          "seed": 7,
          "val_best_score": 0.53,
          "test_auc": 0.5695652173913044,
          "test_accuracy": 0.5581395348837209,
          "pnl": 0.013699987918947498,
          "sharpe": 27.548112589658892,
          "trade_count": 7,
          "hit_rate": 0.6,
          "long_count": 6,
          "short_count": 9,
          "report_path": "/Users/abhi/Desktop/Alpha0 Quant/models/logs/tiny_ablation/baseline_plus_vol_target/seed_7/evaluation_report.json"
        },
        {
          "config": "baseline_plus_vol_target",
          "seed": 42,
          "val_best_score": 0.585,
          "test_auc": 0.47391304347826085,
          "test_accuracy": 0.5581395348837209,
          "pnl": -0.0076579139138024535,
          "sharpe": -16.747354737327743,
          "trade_count": 7,
          "hit_rate": 0.391304347826087,
          "long_count": 20,
          "short_count": 3,
          "report_path": "/Users/abhi/Desktop/Alpha0 Quant/models/logs/tiny_ablation/baseline_plus_vol_target/seed_42/evaluation_report.json"
        },
        {
          "config": "baseline_plus_vol_target",
          "seed": 99,
          "val_best_score": 0.5533333333333333,
          "test_auc": 0.47391304347826085,
          "test_accuracy": 0.3953488372093023,
          "pnl": -0.007961301505572164,
          "sharpe": -12.839720288446298,
          "trade_count": 7,
          "hit_rate": 0.32142857142857145,
          "long_count": 7,
          "short_count": 21,
          "report_path": "/Users/abhi/Desktop/Alpha0 Quant/models/logs/tiny_ablation/baseline_plus_vol_target/seed_99/evaluation_report.json"
        }
      ],
      "aggregate": {
        "val_best_score": {
          "mean": 0.5561111111111111,
          "std": 0.0276050183306774,
          "min": 0.53,
          "max": 0.585
        },
        "test_auc": {
          "mean": 0.5057971014492754,
          "std": 0.05522480835726858,
          "min": 0.47391304347826085,
          "max": 0.5695652173913044
        },
        "test_accuracy": {
          "mean": 0.5038759689922481,
          "std": 0.09398725312389257,
          "min": 0.3953488372093023,
          "max": 0.5581395348837209
        },
        "pnl": {
          "mean": -0.0006397425001423733,
          "std": 0.012419497267475784,
          "min": -0.007961301505572164,
          "max": 0.013699987918947498
        },
        "sharpe": {
          "mean": -0.6796541453717163,
          "std": 24.52391716023353,
          "min": -16.747354737327743,
          "max": 27.548112589658892
        },
        "trade_count": {
          "mean": 7.0,
          "std": 0.0,
          "min": 7.0,
          "max": 7.0
        },
        "hit_rate": {
          "mean": 0.4375776397515528,
          "std": 0.1449359284763311,
          "min": 0.32142857142857145,
          "max": 0.6
        }
      },
      "equity_plot": "/Users/abhi/Desktop/Alpha0 Quant/models/logs/tiny_ablation/baseline_plus_vol_target/equity_multi_seed.svg"
    },
    "baseline_plus_cross_sectional_rank": {
      "config_path": "/Users/abhi/Desktop/Alpha0 Quant/experiments/baseline_plus_cross_sectional_rank.yaml",
      "rows": [
        {
          "config": "baseline_plus_cross_sectional_rank",
          "seed": 7,
          "val_best_score": 0.6,
          "test_auc": 0.5043478260869565,
          "test_accuracy": 0.46511627906976744,
          "pnl": 0.004491389031750898,
          "sharpe": 6.118441456691057,
          "trade_count": 1,
          "hit_rate": 0.42857142857142855,
          "long_count": 0,
          "short_count": 42,
          "report_path": "/Users/abhi/Desktop/Alpha0 Quant/models/logs/tiny_ablation/baseline_plus_cross_sectional_rank/seed_7/evaluation_report.json"
        },
        {
          "config": "baseline_plus_cross_sectional_rank",
          "seed": 42,
          "val_best_score": 0.6116666666666667,
          "test_auc": 0.45869565217391306,
          "test_accuracy": 0.4418604651162791,
          "pnl": -0.0039696641808894635,
          "sharpe": -7.5690886790293606,
          "trade_count": 6,
          "hit_rate": 0.4117647058823529,
          "long_count": 0,
          "short_count": 17,
          "report_path": "/Users/abhi/Desktop/Alpha0 Quant/models/logs/tiny_ablation/baseline_plus_cross_sectional_rank/seed_42/evaluation_report.json"
        },
        {
          "config": "baseline_plus_cross_sectional_rank",
          "seed": 99,