{
  "pnl": -0.0039696641808894635,
  "gross_pnl": -0.0030696641808894637,
  "transaction_cost_pnl": -0.0006000000000000001,
  "slippage_pnl": -0.00030000000000000003,
  "sharpe": -7.5690886790293606,
  "max_drawdown": -0.012170053006343325,
  "hit_rate": 0.4117647058823529,
  "trade_count": 6,
  "long_count": 0,
  "short_count": 17,
  "flat_count": 26,
  "flip_positions": false,
  "nan_signal_count": 0,
  "cost_bps_per_trade": 1.0,
  "slippage_bps": 0.5,
  "equity_curve": [
    1.0,
    1.0,
    0.9998575917396667,
    0.9987487694661725,
    0.9974804880325073,
    0.9966341240839609,
    0.9955804451003942,
    1.0005733448811034,
    0.9966871249249083,
    0.9965376218561696,
    0.9965376218561696,
    0.9958952421334879,
    0.9954204195856433,
    0.9883963142371661,
    0.9907495805498078,
    0.9906009681127254,
    0.9906009681127254,
    0.9906009681127254,
    0.9906009681127254,
    0.9906009681127254,
    0.9906009681127254,
    0.9915413379338779,
    0.989636490633701,
    0.9897056580552761,
    0.9901531329955573,
    0.9941376490137109,
    0.9961247553193534,
    0.9959753366060555,
    0.9959753366060555,
    0.9959753366060555,
    0.9959753366060555,
    0.9959753366060555,
    0.9959753366060555,
    0.9959753366060555,
    0.9959753366060555,
    0.9959753366060555,
    0.9959753366060555,
    0.9959753366060555,
    0.9959753366060555,
    0.9959753366060555,
    0.9959753366060555,
    0.9959753366060555,
    0.9959753366060555,
    0.9959753366060555
  ]
}