{
  "pnl": -0.06304691034917728,
  "gross_pnl": -0.055846910349177284,
  "transaction_cost_pnl": -0.0048,
  "slippage_pnl": -0.0024,
  "sharpe": -14.3595986310102,
  "max_drawdown": -0.06161403103756069,
  "hit_rate": 0.3142857142857143,
  "trade_count": 48,
  "long_count": 0,
  "short_count": 105,
  "flat_count": 246,
  "flip_positions": false,
  "nan_signal_count": 0,
  "cost_bps_per_trade": 1.0,
  "slippage_bps": 0.5,
  "confidence_threshold": null,
  "top_percentile": 0.3,
  "selected_bars": 105,
  "equity_curve": [
    1.0,
    1.0,
    1.0,
    1.0,
    1.0,
    1.0,
    1.0,
    1.0,
    1.0,
    1.0,
    1.0,
    1.0,
    1.0,
    1.0,
    1.0,
    1.0,
    1.0,
    1.0,
    1.0,
    1.0,
    1.0,
    1.0,
    1.0,
    1.0,
    0.9975265025951685,
    0.9947647108750906,
    0.994459347642054,
    0.9964179440574317,
    0.9882926329476087,
    0.9833648494835436,
    0.9833385262667441,
    0.9833385262667441,
    0.9831910254878041,
    0.9831910254878041,
    0.9831910254878041,
    0.9831910254878041,
    0.9831910254878041,
    0.9831910254878041,
    0.9831910254878041,
    0.982985432757485,
    0.9826986453548622,
    0.982551240558059,
    0.9819548989640546,
    0.98180760572921,
    0.98180760572921,
    0.98180760572921,
    0.9805884676736374,
    0.9804413794034864,
    0.9804413794034864,
    0.9804413794034864,
    0.9804413794034864,
    0.9804413794034864,
    0.9804413794034864,
    0.9804413794034864,
    0.9804413794034864,
    0.9804413794034864,
    0.9804413794034864,
    0.9804413794034864,
    0.9804413794034864,
    0.9804413794034864,
    0.9810644391612288,
    0.9803287471414648,
    0.9788873350434777,
    0.9785489268913595,
    0.979909873104684,
    0.9806427085020215,
    0.9784564236187943,
    0.979059887818467,
    0.9831692644461574,
    0.9830217890564905,
    0.9793616879355909,
    0.9792392025516413,
    0.9790923166712586,
    0.9790923166712586,
    0.9790923166712586,
    0.9790923166712586,
    0.9790923166712586,
    0.9790923166712586,
    0.9759564902358714,
    0.975810096762336,
    0.975810096762336,
    0.9756819695711795,
    0.9755356172757438,
    0.9743555831498263,
    0.9724102752439308,
    0.9705282075925914,
    0.9705331288122447,
    0.9705331288122447,
    0.9708136006583131,
    0.971066363200878,
    0.9707791740187017,
    0.9699192644157698,
    0.9685454096396123,
    0.9684001278281664,
    0.9684001278281664,
    0.9691357296073249,
    0.9660312761903,
    0.9658863714988715,
    0.9667175128576967,
    0.9630602961062541,
    0.9583482573937517,
    0.9544901579279094,
    0.9560497437264134,
    0.9555669370795633,
    0.9578420401430942,
    0.9576983638370727,
    0.9576983638370727,
    0.9570143847469699,
    0.9564602109787944,
    0.9612473174928013,
    0.9609602321302535,
    0.9596381621307408,
    0.9588110076848045,
    0.9587805787491585,
    0.9587805787491585,
    0.9586367616623461,
    0.9586367616623461,
    0.9586367616623461,
    0.9586367616623461,
    0.9586367616623461,
    0.9586367616623461,
    0.9586367616623461,
    0.9586367616623461,
    0.9586367616623461,
    0.9586367616623461,
    0.9586367616623461,
    0.9586367616623461,
    0.9586367616623461,
    0.9586367616623461,
    0.9586367616623461,
    0.9586367616623461,
    0.9586367616623461,
    0.9584814452967128,
    0.9574668876253979,
    0.9581305013214835,
    0.9584389856896943,
    0.9586790856128673,
    0.9584358686176319,
    0.9582027361668757,
    0.9579481409296114,
    0.9582313666845244,
    0.9574036718215171,
    0.956049527678317,
    0.9559061202491652,
    0.9559061202491652,
    0.9559061202491652,
    0.9559061202491652,
    0.9559061202491652,
    0.9559061202491652,
    0.9559061202491652,
    0.9559061202491652,
    0.9549962252562085,
    0.9548529758224201,
    0.9548529758224201,
    0.9548529758224201,
    0.9548529758224201,
    0.9548529758224201,
    0.9548529758224201,
    0.9551414648970176,
    0.9589850890190471,
    0.957994960877195,
    0.9593111405415792,
    0.9590555059487929,
    0.9586239916925905,
    0.9586206730643626,
    0.9574386229352223,
    0.9580501971641276,
    0.957906489634553,
    0.9590408467420812,
    0.9588969906150699,
    0.9588969906150699,
    0.9588969906150699,
    0.9587240477026736,
    0.9585802390955183,
    0.957945113172924,
    0.9576236011568678,
    0.9617941904168945,
    0.966390804076369,
    0.9637576268610192,
    0.9629803369562799,
    0.9555523204829952,
    0.9555523204829952,
    0.955648139429264,
    0.9555047922083496,
    0.9557756523042638,
    0.9557756523042638,
    0.9556322859564181,
    0.9556322859564181,
    0.9556322859564181,
    0.9556322859564181,
    0.9556322859564181,
    0.9556322859564181,
    0.9556322859564181,
    0.9556322859564181,
    0.9556322859564181,
    0.9668050136417451,
    0.9666599928896988,
    0.9666599928896988,
    0.9666599928896988,
    0.9666599928896988,
    0.9666599928896988,
    0.9666599928896988,
    0.9666599928896988,
    0.9666599928896988,
    0.9666599928896988,
    0.9666599928896988,
    0.9666599928896988,
    0.9666599928896988,
    0.9666599928896988,
    0.9666599928896988,
    0.9666599928896988,
    0.9666599928896988,
    0.9666599928896988,
    0.9666599928896988,
    0.9666599928896988,
    0.9666599928896988,
    0.9666599928896988,
    0.9666599928896988,
    0.9666599928896988,
    0.9666599928896988,
    0.9666599928896988,
    0.9666599928896988,
    0.9666599928896988,
    0.9666599928896988,
    0.9666599928896988,
    0.9666599928896988,
    0.9666599928896988,
    0.9666599928896988,
    0.9666599928896988,
    0.9666599928896988,
    0.9666599928896988,
    0.9666599928896988,
    0.9665130698411467,
    0.9665130698411467,
    0.9689733047828614,
    0.9636681344193377,
    0.9635235841991748,
    0.9635235841991748,
    0.9635235841991748,
    0.9635235841991748,
    0.9635235841991748,
    0.965341988014624,
    0.9680612586635233,
    0.9690010857199797,
    0.9689096977105153,
    0.977731992587293,
    0.9733273293604353,
    0.9733247025050017,
    0.9685998459322038,
    0.9667961952863785,
    0.9650779288860164,
    0.9482005518314716,
    0.9462701318904315,
    0.946128191370648,
    0.946128191370648,
    0.946128191370648,
    0.946128191370648,
    0.946128191370648,
    0.946128191370648,
    0.946128191370648,
    0.946128191370648,
    0.946128191370648,
    0.946128191370648,
    0.946128191370648,
    0.946128191370648,
    0.946128191370648,
    0.946128191370648,
    0.946128191370648,
    0.946128191370648,
    0.946128191370648,
    0.946128191370648,
    0.946128191370648,
    0.946128191370648,
    0.946128191370648,
    0.946128191370648,
    0.9447137101327856,
    0.9445720030762657,
    0.9445720030762657,
    0.9445720030762657,
    0.9445720030762657,
    0.9445720030762657,
    0.9445720030762657,
    0.9445720030762657,
    0.9445720030762657,
    0.9445720030762657,
    0.9445720030762657,
    0.9445720030762657,
    0.9445720030762657,
    0.9445720030762657,
    0.9445720030762657,
    0.9445720030762657,
    0.9445720030762657,
    0.9445720030762657,
    0.9445720030762657,
    0.9445720030762657,
    0.9445720030762657,
    0.9445720030762657,
    0.9445720030762657,
    0.9445720030762657,
    0.9445720030762657,
    0.9445720030762657,
    0.9385267479746355,
    0.9383859689624393,
    0.9383859689624393,
    0.9383859689624393,
    0.9383859689624393,
    0.9383859689624393,
    0.9383859689624393,
    0.9383859689624393,
    0.9383859689624393,
    0.9383859689624393,
    0.9383859689624393,
    0.9383859689624393,
    0.9383859689624393,
    0.9383859689624393,
    0.9383859689624393,
    0.9383859689624393,
    0.9383859689624393,
    0.9383859689624393,
    0.9383859689624393,
    0.9383859689624393,
    0.9383859689624393,
    0.9383859689624393,
    0.9383859689624393,
    0.9383859689624393,
    0.9383859689624393,
    0.9383859689624393,
    0.9383859689624393,
