{
  "model_name": "panel_transformer",
  "split": "test",
  "generated_at": "2026-04-05 23:53:07",
  "metrics": {
    "accuracy": 0.5299145299145299,
    "precision": 0.593939393939394,
    "recall": 0.5,
    "auc": 0.5450954575378538,
    "tp": 98,
    "fp": 67,
    "tn": 88,
    "fn": 98,
    "brier_score": 0.2489702380679817,
    "ece": 0.05932422474172508,
    "return_mae": 0.019667310542795646,
    "return_rmse": 0.023394685793530025,
    "return_nll": -1.3606269836861473,
    "avg_predicted_return": -0.012876815144025703,
    "avg_actual_return": 0.0005767399655566088
  },
  "backtest": {
    "pnl": 0.02677116164565651,
    "gross_pnl": 0.033671161645656505,
    "transaction_cost_pnl": -0.004599999999999999,
    "slippage_pnl": -0.0022999999999999995,
    "sharpe": 7.737597226912705,
    "max_drawdown": -0.015424921690172132,
    "hit_rate": 0.5806451612903226,
    "trade_count": 46,
    "long_count": 30,
    "short_count": 32,
    "flat_count": 289,
    "flip_positions": false,
    "nan_signal_count": 0,
    "cost_bps_per_trade": 1.0,
    "slippage_bps": 0.5,
    "equity_curve": [
      1.0,
      1.0,
      1.0,
      1.0,
      1.0,
      1.0,
      1.0,
      1.0,
      1.0,
      1.0,
      1.0,
      1.0,
      1.0,
      1.0,
      1.0,
      1.0,
      1.0,
      1.0,
      1.0,
      1.0,
      1.0,
      1.0,
      1.0,
      1.0,
      1.0,
      1.0026186399437937,
      1.002926414099882,
      1.002775975137767,
      1.002775975137767,
      1.002775975137767,
      1.002775975137767,
      1.002775975137767,
      1.002775975137767,
      1.002775975137767,
      1.002775975137767,
      1.002775975137767,
      1.002775975137767,
      1.002775975137767,
      1.002775975137767,
      1.002775975137767,
      1.002775975137767,
      0.9954731321761154,
      0.995323811206289,
      0.995323811206289,
      0.995323811206289,
      0.995323811206289,
      0.995323811206289,
      0.995323811206289,
      0.995323811206289,
      0.9940519413059394,
      0.9939028335147435,
      0.9939028335147435,
      0.9939028335147435,
      0.9939028335147435,
      0.9939028335147435,
      0.9939028335147435,
      0.9939028335147435,
      0.9939028335147435,
      0.9939028335147435,
      0.9939028335147435,
      0.9939028335147435,
      0.9939028335147435,
      0.9939028335147435,
      0.9939028335147435,
      0.9939028335147435,
      0.9939028335147435,
      0.9939028335147435,
      0.9939028335147435,
      0.9939028335147435,
      0.9939028335147435,
      0.9939028335147435,
      0.9939028335147435,
      0.9939028335147435,
      0.9939028335147435,
      0.9984673587910781,
      0.9962974947380264,
      0.991962894944601,
      0.9894644247797757,
      0.9924850512287364,
      0.9923361784710522,
      0.9923361784710522,
      0.9923361784710522,
      0.9922988260048646,
      0.9921499811809639,
      0.9900203241346726,
      0.9881041728211182,
      0.9881091831625352,
      0.9881091831625352,
      0.9883947342668626,
      0.9886520742607828,
      0.9885037764496437,
      0.9885037764496437,
      0.9885037764496437,
      0.9885037764496437,
      0.9885037764496437,
      0.9874563527013861,
      0.9906194929661132,
      0.9904709000421683,
      0.9904709000421683,
      0.9904709000421683,
      0.9904709000421683,
      0.9904709000421683,
      0.9904709000421683,
      0.9904709000421683,
      0.9904709000421683,
      0.9904709000421683,
      0.9904709000421683,
      0.9904709000421683,
      0.9904709000421683,
      0.9904709000421683,
      0.9904709000421683,
      0.9904709000421683,
      0.9904709000421683,
      0.9904709000421683,
      0.9904709000421683,
      0.9904709000421683,
      0.9904709000421683,
      0.9904709000421683,
      0.9904709000421683,
      0.9904709000421683,
      0.9904709000421683,
      0.9904709000421683,
      0.990459596139527,
      0.9903110272001061,
      0.9903110272001061,
      0.9945030568091625,
      0.9943538813506412,
      0.9943538813506412,
      0.9943538813506412,
      0.9943538813506412,
      0.9943538813506412,
      0.9943538813506412,
      0.9943538813506412,
      0.9943538813506412,
      0.9943538813506412,
      0.9943538813506412,
      0.9943538813506412,
      0.9943538813506412,
      0.9943538813506412,
      0.9943538813506412,
      0.9943538813506412,
      0.9943538813506412,
      0.9943538813506412,
      0.9943538813506412,
      0.9943538813506412,
      0.9943538813506412,
      0.9943538813506412,
      0.9943538813506412,
      0.9943538813506412,
      0.9904571371979227,
      0.9903085686273431,
      0.9903085686273431,
      0.9903085686273431,
      0.9903085686273431,
      0.9903085686273431,
      0.9903085686273431,
      0.9903085686273431,
      0.9902292367363281,
      0.9906769484018791,
      0.9946635723271913,
      0.9936366070428367,
      0.9950017544072655,
      0.9947366090779138,
      0.9945873985865522,
      0.9945873985865522,
      0.9945873985865522,
      0.9945873985865522,
      0.9945873985865522,
      0.9931112275646098,
      0.9925863153267283,
      0.9927019587014848,
      0.9928369388613099,
      0.9928670775092536,
      0.9941800263210743,
      0.9940308993171262,
      0.9942154180538255,
      0.9940662857411174,
      0.9940662857411174,
      0.9940662857411174,
      0.9940662857411174,
      0.9940662857411174,
      0.9940662857411174,
      0.9940662857411174,
      0.9940662857411174,
      0.9940662857411174,
      0.9940662857411174,
      0.9940662857411174,
      0.9940662857411174,
      0.9940662857411174,
      0.9940662857411174,
      0.9942110549951765,
      0.9940619233369272,
      0.9940619233369272,
      0.9940619233369272,
      0.9940619233369272,
      0.9940619233369272,
      0.9940619233369272,
      0.9940619233369272,
      0.9940619233369272,
      0.9940619233369272,
      0.9940619233369272,
      0.9940619233369272,
      0.9940619233369272,
      0.9940619233369272,
      0.9940619233369272,
      0.9940619233369272,
      0.9940619233369272,
      0.9937022281226137,
      0.9934026094727118,
      0.9994231779909741,
      1.0010160586917087,
      1.0004848507377486,
      1.000334778010138,
      1.000334778010138,
      1.0003732622350965,
      1.0002232062457612,
      1.0002232062457612,
      1.0002232062457612,
      1.0002232062457612,
      1.0002232062457612,
      1.0002232062457612,
      1.0002232062457612,
      1.0002232062457612,
      1.0002232062457612,
      1.0002232062457612,
      1.0002232062457612,
      1.0002232062457612,
      1.0002232062457612,
      1.0002232062457612,
      1.0002232062457612,
      1.0002232062457612,
      1.0002232062457612,
      1.0002232062457612,
      1.0002232062457612,
      1.0002232062457612,
      1.0002232062457612,
      1.0002232062457612,
      1.0002232062457612,
      1.0002232062457612,
      1.0002232062457612,
      1.0002232062457612,
      1.0002232062457612,
      1.0002232062457612,
      1.0002232062457612,
      1.0002232062457612,
      1.0002232062457612,
      1.0002232062457612,
      1.0002232062457612,
      1.0002232062457612,
      1.001935709951353,
      1.003716429066846,
      1.0212695199853759,
      1.021116329557378,
      1.021116329557378,
      1.021116329557378,
      1.021116329557378,
      1.021116329557378,
      1.021116329557378,
      1.0206552529973267,
      1.020502154709377,
      1.020502154709377,
      1.020502154709377,
      1.020502154709377,
      1.020502154709377,
      1.020502154709377,
      1.020502154709377,
      1.020502154709377,
      1.020502154709377,
      1.020502154709377,
      1.0235922750138615,
      1.017639080524623,
      1.0174864346625443,
      1.0174864346625443,
      1.0174864346625443,
      1.0174864346625443,
      1.0174864346625443,
      1.0174864346625443,
      1.0174864346625443,
      1.0174864346625443,
      1.0174864346625443,
      1.0174864346625443,
