{
  "pnl": -0.17945319873280288,
  "gross_pnl": -0.17420319873280288,
  "transaction_cost_pnl": -0.003499999999999998,
  "slippage_pnl": -0.001749999999999999,
  "sharpe": -30.726123708980847,
  "max_drawdown": -0.16562784692785543,
  "hit_rate": 0.33707865168539325,
  "trade_count": 35,
  "long_count": 0,
  "short_count": 267,
  "flat_count": 84,
  "flip_positions": false,
  "nan_signal_count": 0,
  "cost_bps_per_trade": 1.0,
  "slippage_bps": 0.5,
  "equity_curve": [
    1.0,
    0.99985,
    0.9998575906009057,
    0.9987487683286743,
    0.9974804868964536,
    0.9966341229488711,
    0.9955804439665045,
    1.0005733437415272,
    0.9989758880482985,
    0.9966161234548971,
    0.9958663480413107,
    0.9956691725377711,
    0.995321393288458,
    0.9963615765377207,
    0.9969999158647203,
    0.9951779839955236,
    0.992306338304649,
    0.9921574923539033,
    0.9921574923539033,
    0.9921574923539033,
    0.9917973582172871,
    0.9853745509198226,
    0.9853745509198226,
    0.9867079069899656,
    0.9844152937287478,
    0.9816898022252488,
    0.9813884526009917,
    0.9833213057738388,
    0.9753027914767204,
    0.9704397774178568,
    0.9704138001860438,
    0.9704138001860438,
    0.9691267988953165,
    0.9691267988953165,
    0.969301834579766,
    0.969059142909128,
    0.969059142909128,
    0.9690147433569679,
    0.9687623834628788,
    0.968705122228999,
    0.9684225011273494,
    0.9615151050635135,
    0.9610757582348703,
    0.9608907357222197,
    0.9614731070729868,
    0.9611307732754326,
    0.9600814798389435,
    0.9567245388268686,
    0.9482041285710003,
    0.9492735561848832,
    0.942344540334686,
    0.9396422121636478,
    0.9392729417178077,
    0.9356248121038296,
    0.9377528254030931,
    0.933857484082488,
    0.9333955873270593,
    0.9329505633404279,
    0.9263672715846167,
    0.9261222016027194,
    0.9268496604481729,
    0.9261546236376493,
    0.9247928656732822,
    0.9244731583550231,
    0.9257588970744761,
    0.9264512351228997,
    0.9243857669224678,
    0.9249558829782871,
    0.928838170603843,
    0.925445797123563,
    0.9221388865056107,
    0.9220235577798093,
    0.9141134434863718,
    0.9141696836029756,
    0.9098342094920372,
    0.9118114564476151,
    0.9157784821318461,
    0.9180850656006998,
    0.9152823452985863,
    0.9115778964291775,
    0.9140904764113316,
    0.9141075667881223,
    0.914210275055403,
    0.9132415532544302,
    0.9114182599472834,
    0.9096542403070584,
    0.9096588528554523,
    0.9096588528554523,
    0.90992173280275,
    0.9101586414436698,
    0.9098894654884597,
    0.9090834915760393,
    0.9077958084227616,
    0.906915994924934,
    0.906915994924934,
    0.9077409304358552,
    0.9048331443052101,
    0.9045865027393597,
    0.9055005837817471,
    0.9053647586941799,
    0.9007992066331426,
    0.8971727869979738,
    0.89863871928212,
    0.8981849052942671,
    0.9003233878540524,
    0.8982709971597888,
    0.9016004814751788,
    0.9010918070329333,
    0.9005700160858646,
    0.9050773908212049,
    0.904807081124471,
    0.9035622655147245,
    0.9027834453566752,
    0.9027547945181461,
    0.9027547945181461,
    0.903166496231865,
    0.899207321894406,
    0.8990724407961218,
    0.8990724407961218,
    0.8990724407961218,
    0.8990724407961218,
    0.8990724407961218,
    0.898812979867444,
    0.8942734619144624,
    0.8937597985626102,
    0.8898424105299285,
    0.8868513321937627,
    0.8825925322903044,
    0.8849812645909597,
    0.8835586002719734,
    0.8806280837602013,
    0.8807365911515739,
    0.8807260065007646,
    0.8797937533720197,
    0.8804035323544723,
    0.8806869913687447,
    0.8809076135284484,
    0.880684127164703,
    0.880469907251164,
    0.8802359656890293,
    0.880496215158945,
    0.8797356658599735,
    0.8784913747270369,
    0.8783718354489433,
    0.8785409035803924,
    0.8823137602186787,
    0.8800777389940223,
    0.8788783229574738,
    0.8749239770773075,
    0.8782214522975194,
    0.8782214522975194,
    0.8775172359537644,
    0.8767991888056544,
    0.8763084542884009,
    0.8761770080202577,
    0.8761770080202577,
    0.8761770080202577,
    0.8761068190093655,
    0.8765029325844728,
    0.8800301041486082,
    0.8791214950557538,
    0.8803293112568493,
    0.8800947235245793,
    0.8796987366211585,
    0.8796956912216226,
    0.8786109614274188,
    0.879172183638818,
    0.8813060777713,
    0.8824819202435075,
    0.8829483589935567,
    0.8828454892215347,
    0.8827254465197032,
    0.8826986504261833,
    0.8815313862772097,
    0.8810795402738333,
    0.8807838264010823,
    0.8846197673306457,
    0.8844870743655462,
    0.8819443916047267,
    0.8812330857192744,
    0.8744356324107095,
    0.8744356324107095,
    0.8745233173015119,
    0.8740610511163971,
    0.8744399332439865,
    0.8744399332439865,
    0.8742163860315701,
    0.8742163860315701,
    0.87442898100266,
    0.874661255770242,
    0.8749198348520497,
    0.874410260095911,
    0.8719401769444537,
    0.871809385917912,
    0.871809385917912,
    0.871809385917912,
    0.871809385917912,
    0.871809385917912,
    0.871809385917912,
    0.871809385917912,
    0.8689881073709658,
    0.8620250348215112,
    0.8585007978818079,
    0.8582110478441148,
    0.8599264607815837,
    0.8589801099721912,
    0.8608786237301035,
    0.8606962518700263,
    0.8604367368547001,
    0.8656514587413413,
    0.8670311340706285,
    0.8665710277309248,
    0.8667336156365609,
    0.8666036055942155,
    0.8666036055942155,
    0.8666036055942155,
    0.8666036055942155,
    0.8666036055942155,
    0.8666036055942155,
    0.8666036055942155,
    0.8666036055942155,
    0.8666036055942155,
    0.8666036055942155,
    0.8666036055942155,
    0.8666036055942155,
    0.8682184390416512,
    0.8642746405659432,
    0.8609019623897082,
    0.8613698546096651,
    0.8609803184432641,
    0.8628633145758404,
    0.8629662075829571,
    0.8629644899264751,
    0.8629644899264751,
    0.865161144537597,
    0.8604243501996957,
    0.8607938559885163,
    0.8610121840997733,
    0.8610121840997733,
    0.8610121840997733,
    0.8610121840997733,
    0.8627662757486763,
    0.8626368608073139,
    0.8633449427151089,
    0.8632635193019067,
    0.8711238651542008,
    0.8671994694261554,
    0.8671971289929121,
    0.8629874525670612,
    0.8613804650348015,
    0.8598495517790257,
    0.8448124188582602,
    0.8430924844660557,
    0.8432814954616236,
    0.8431550032373043,
    0.8431550032373043,
    0.8431550032373043,
    0.8431550032373043,
    0.8427742836295283,
    0.8430912024145165,
    0.8421298082412472,
    0.8416964052669418,
    0.8413015892301747,
    0.8419743095255735,
    0.8416685910680244,
    0.8421137607117047,
    0.841987443647598,
    0.841987443647598,
    0.841987443647598,
    0.841987443647598,
    0.841987443647598,
    0.841987443647598,
    0.841987443647598,
    0.841987443647598,
    0.841987443647598,
    0.8407286549840557,
    0.8441078726075656,
    0.8439812564266744,
    0.8439812564266744,
    0.8439812564266744,
    0.8439812564266744,
    0.8439812564266744,
    0.8436869957588654,
    0.8434640453597201,
    0.8398447049138247,
    0.8384996313297353,
    0.8382422900927717,
    0.8380338470919815,
    0.8380338470919815,
    0.8380338470919815,
    0.838152889630479,
    0.837908499958249,
    0.8377828136832552,
    0.8379285534250375,
    0.8378028641420238,
    0.8367592374590344,
    0.8391567839601284,
    0.8392526871744744,
    0.841575262415714,
    0.8414490261263516,
    0.8431543387939038,
    0.8378846292805582,
    0.8378846292805582,
    0.838025507636841,
    0.8378998038106955,
    0.8378998038106955,
    0.8378998038106955,
    0.8378998038106955,
    0.8378998038106955,
    0.8378998038106955,
    0.8378998038106955,
    0.8378998038106955,
    0.8378998038106955,
    0.8378998038106955,
    0.8378998038106955,
    0.8378998038106955,
