{
  "summary": {
    "panel_transformer": {
      "seeds": [
        7,
        42,
        99
      ],
      "runs": [
        {
          "model": "panel_transformer",
          "seed": 7,
          "val_auc": NaN,
          "test_auc": 0.5391304347826087,
          "test_accuracy": 0.5116279069767442,
          "test_avg_predicted_return": 0.073169729823983,
          "test_avg_actual_return": 0.03869701402131901,
          "pnl": 0.009104045821263063,
          "sharpe": 18.91080646960883,
          "trade_count": 9,
          "long_count": 5,
          "short_count": 12,
          "flat_count": 26
        },
        {
          "model": "panel_transformer",
          "seed": 42,
          "val_auc": NaN,
          "test_auc": 0.47391304347826085,
          "test_accuracy": 0.5581395348837209,
          "test_avg_predicted_return": -0.0976838362078334,
          "test_avg_actual_return": 0.03869701402131901,
          "pnl": -0.0076579139138024535,
          "sharpe": -16.747354737327743,
          "trade_count": 7,
          "long_count": 20,
          "short_count": 3,
          "flat_count": 20
        },
        {
          "model": "panel_transformer",
          "seed": 99,
          "val_auc": NaN,
          "test_auc": 0.47608695652173916,
          "test_accuracy": 0.4418604651162791,
          "test_avg_predicted_return": 0.9145182551339616,
          "test_avg_actual_return": 0.500000006584234,
          "pnl": 0.00761649674470149,
          "sharpe": 14.149442536895117,
          "trade_count": 6,
          "long_count": 0,
          "short_count": 18,
          "flat_count": 25
        }
      ],
      "aggregates": {
        "val_auc": {
          "mean": NaN,
          "std": NaN,
          "count": 0
        },
        "test_auc": {
          "mean": 0.4963768115942029,
          "std": 0.030244401093781455,
          "count": 3
        },
        "test_accuracy": {
          "mean": 0.5038759689922481,
          "std": 0.047786155061775006,
          "count": 3
        },
        "test_avg_predicted_return": {
          "mean": 0.2966680495833704,
          "std": 0.44241902658801335,
          "count": 3
        },
        "test_avg_actual_return": {
          "mean": 0.19246467820895738,
          "std": 0.2174603161485898,
          "count": 3
        },
        "pnl": {
          "mean": 0.003020876217387366,
          "std": 0.0075754260414092715,
          "count": 3
        },
        "sharpe": {
          "mean": 5.437631423058735,
          "std": 15.807126131955833,
          "count": 3
        },
        "trade_count": {
          "mean": 7.333333333333333,
          "std": 1.247219128924647,
          "count": 3
        }
      }
    },
    "tcn_encoder": {
      "seeds": [
        7,
        42,
        99
      ],
      "runs": [
        {
          "model": "tcn_encoder",
          "seed": 7,
          "val_auc": NaN,
          "test_auc": 0.49782608695652175,
          "test_accuracy": 0.5348837209302325,
          "test_avg_predicted_return": 0.017128464267697444,
          "test_avg_actual_return": 0.03869701402131901,
          "pnl": 0.0,
          "sharpe": 0.0,
          "trade_count": 0,
          "long_count": 0,
          "short_count": 0,
          "flat_count": 43
        },
        {
          "model": "tcn_encoder",
          "seed": 42,
          "val_auc": NaN,
          "test_auc": 0.5369565217391304,
          "test_accuracy": 0.5348837209302325,
          "test_avg_predicted_return": -0.06490656023108682,
          "test_avg_actual_return": 0.03869701402131901,
          "pnl": 0.0,
          "sharpe": 0.0,
          "trade_count": 0,
          "long_count": 0,
          "short_count": 0,
          "flat_count": 43
        },
        {
          "model": "tcn_encoder",
          "seed": 99,
          "val_auc": NaN,
          "test_auc": 0.3804347826086957,
          "test_accuracy": 0.5348837209302325,
          "test_avg_predicted_return": -0.03373216031942257,
          "test_avg_actual_return": 0.500000006584234,
          "pnl": 0.0,
          "sharpe": 0.0,
          "trade_count": 0,
          "long_count": 0,
          "short_count": 0,
          "flat_count": 43
        }
      ],
      "aggregates": {
        "val_auc": {
          "mean": NaN,
          "std": NaN,
          "count": 0
        },
        "test_auc": {
          "mean": 0.4717391304347826,
          "std": 0.06650895017729719,
          "count": 3
        },
        "test_accuracy": {
          "mean": 0.5348837209302325,
          "std": 0.0,
          "count": 3
        },
        "test_avg_predicted_return": {
          "mean": -0.02717008542760398,
          "std": 0.0338105696619012,
          "count": 3
        },
        "test_avg_actual_return": {
          "mean": 0.19246467820895738,
          "std": 0.2174603161485898,
          "count": 3
        },
        "pnl": {
          "mean": 0.0,
          "std": 0.0,
          "count": 3
        },
        "sharpe": {
          "mean": 0.0,
          "std": 0.0,
          "count": 3
        },
        "trade_count": {
          "mean": 0.0,
          "std": 0.0,
          "count": 3
        }
      }
    },
    "gnn_panel": {
      "seeds": [
        7,
        42,
        99
      ],
      "runs": [
        {
          "model": "gnn_panel",
          "seed": 7,
          "val_auc": NaN,
          "test_auc": 0.4826086956521739,
          "test_accuracy": 0.5581395348837209,
          "test_avg_predicted_return": 0.10164849139576734,
          "test_avg_actual_return": 0.03869701402131901,
          "pnl": -0.016208866269062875,
          "sharpe": -23.134953871107147,
          "trade_count": 18,
          "long_count": 32,
          "short_count": 1,
          "flat_count": 10
        },
        {
          "model": "gnn_panel",
          "seed": 42,
          "val_auc": NaN,
          "test_auc": 0.5543478260869565,
          "test_accuracy": 0.5116279069767442,
          "test_avg_predicted_return": 0.004794989452632361,
          "test_avg_actual_return": 0.03869701402131901,
          "pnl": -0.020405073659448943,
          "sharpe": -34.203086456128304,
          "trade_count": 26,
          "long_count": 9,
          "short_count": 8,
          "flat_count": 26
        },
        {
          "model": "gnn_panel",
          "seed": 99,
          "val_auc": NaN,
          "test_auc": 0.4391304347826087,
          "test_accuracy": 0.4883720930232558,
          "test_avg_predicted_return": 0.5046579941760662,
          "test_avg_actual_return": 0.500000006584234,
          "pnl": -0.007259471826330919,
          "sharpe": -10.97188784032044,
          "trade_count": 8,
          "long_count": 1,
          "short_count": 36,
          "flat_count": 6
        }
      ],
      "aggregates": {
        "val_auc": {
          "mean": NaN,
          "std": NaN,
          "count": 0
        },
        "test_auc": {
          "mean": 0.4920289855072464,
          "std": 0.04750661855966308,
          "count": 3
        },
        "test_accuracy": {
          "mean": 0.5193798449612403,
          "std": 0.029005096021503425,
          "count": 3
        },
        "test_avg_predicted_return": {
          "mean": 0.20370049167482196,
          "std": 0.21645124769564472,
          "count": 3
        },
        "test_avg_actual_return": {
          "mean": 0.19246467820895738,
          "std": 0.2174603161485898,
          "count": 3
        },
        "pnl": {
          "mean": -0.014624470584947579,
          "std": 0.005482362273789245,
          "count": 3
        },
        "sharpe": {
          "mean": -22.769976055851966,
          "std": 9.487607843427469,
          "count": 3
        },
        "trade_count": {
          "mean": 17.333333333333332,
          "std": 7.363574011458174,
          "count": 3
        }
      }
    }
  },
  "rows": [
    {
      "model": "panel_transformer",
      "seed": 7,
      "val_auc": NaN,
      "test_auc": 0.5391304347826087,