{
  "model_name": "panel_transformer",
  "split": "test",
  "generated_at": "2026-04-06 00:23:20",
  "metrics": {
    "accuracy": 0.4883720930232558,
    "precision": 0.5142857142857142,
    "recall": 0.782608695652174,
    "auc": 0.4260869565217391,
    "tp": 18,
    "fp": 17,
    "tn": 3,
    "fn": 5,
    "brier_score": 0.2516599741067722,
    "ece": 0.03158437640979386,
    "return_mae": 0.3366472560554368,
    "return_rmse": 0.34649790962223737,
    "return_nll": 0.5204369912550457,
    "avg_predicted_return": 0.33653644628303,
    "avg_actual_return": -0.00011080977240686311
  },
  "backtest": {
    "pnl": -0.004341889398430252,
    "gross_pnl": -0.002991889398430252,
    "transaction_cost_pnl": -0.0009000000000000002,
    "slippage_pnl": -0.0004500000000000001,
    "sharpe": -15.0328854451812,
    "max_drawdown": -0.00646655098222344,
    "hit_rate": 0.4444444444444444,
    "trade_count": 9,
    "long_count": 18,
    "short_count": 0,
    "flat_count": 25,
    "flip_positions": false,
    "nan_signal_count": 0,
    "cost_bps_per_trade": 1.0,
    "slippage_bps": 0.5,
    "equity_curve": [
      1.0,
      1.0,
      0.9998424082603333,
      1.0009512136956495,
      1.0008010710135953,
      1.0008010710135953,
      1.0008010710135953,
      1.0008010710135953,
      1.0008010710135953,
      1.0008010710135953,
      1.0008010710135953,
      1.0008010710135953,
      1.0008010710135953,
      1.0008010710135953,
      1.0008010710135953,
      1.0008010710135953,
      0.9969414339262016,
      0.9967918927111127,
      0.9967918927111127,
      0.9967918927111127,
      0.9967918927111127,
      0.9967918927111127,
      0.9985573080535286,
      0.9984075244573206,
      0.9984075244573206,
      0.9984075244573206,
      0.9962621222930085,
      0.9973585107736492,
      0.9951541537317429,
      0.9950048806086831,
      0.9950048806086831,
      0.9950048806086831,
      0.9950048806086831,
      0.9944785116415682,
      0.9954422827766759,
      0.9956530092739521,
      0.9959532401327634,
      0.995578719579753,
      0.997213016898296,
      0.9960785051695639,
      0.9974561860328756,
      0.9969283083199393,
      0.9962762543335769,
      0.9956482996980988
    ]
  }
}