{
  "model_name": "panel_transformer",
  "split": "test",
  "generated_at": "2026-04-05 23:53:41",
  "metrics": {
    "accuracy": 0.5327635327635327,
    "precision": 0.6126760563380281,
    "recall": 0.44387755102040816,
    "auc": 0.5573732718894009,
    "tp": 87,
    "fp": 55,
    "tn": 100,
    "fn": 109,
    "brier_score": 0.2490145863486465,
    "ece": 0.06214870577192773,
    "return_mae": 0.0904993314575384,
    "return_rmse": 0.09230777650597853,
    "return_nll": -0.9334442890551826,
    "avg_predicted_return": -0.08992259149198178,
    "avg_actual_return": 0.0005767399655566088
  },
  "backtest": {
    "pnl": 0.02089954438226113,
    "gross_pnl": 0.03229954438226113,
    "transaction_cost_pnl": -0.007600000000000007,
    "slippage_pnl": -0.0038000000000000035,
    "sharpe": 4.418050113822363,
    "max_drawdown": -0.025497632551848816,
    "hit_rate": 0.47115384615384615,
    "trade_count": 76,
    "long_count": 37,
    "short_count": 67,
    "flat_count": 247,
    "flip_positions": false,
    "nan_signal_count": 0,
    "cost_bps_per_trade": 1.0,
    "slippage_bps": 0.5,
    "equity_curve": [
      1.0,
      1.0,
      1.0,
      0.9987410197985646,
      0.9985912086455948,
      0.9975941135673577,
      0.9974444744503226,
      0.9974444744503226,
      0.9974444744503226,
      0.9974444744503226,
      0.9974444744503226,
      0.9974444744503226,
      0.9974444744503226,
      0.9974444744503226,
      0.9974444744503226,
      0.9974444744503226,
      0.9974444744503226,
      0.9974444744503226,
      0.9974444744503226,
      0.9974444744503226,
      0.9970824212406285,
      0.9969328588774424,
      0.9969328588774424,
      0.9969328588774424,
      0.9969328588774424,
      0.9969328588774424,
      0.9969328588774424,
      0.9969328588774424,
      0.9969328588774424,
      0.9969328588774424,
      0.9969328588774424,
      0.9967833189486108,
      0.9954613453556792,
      0.9953120261538758,
      0.9953424943940493,
      0.9950932827200343,
      0.9950932827200343,
      0.9950476903571392,
      0.9947885507191991,
      0.9947297511406481,
      0.994580541677977,
      0.9873373829978035,
      0.9871892823903539,
      0.9871892823903539,
      0.9871892823903539,
      0.9871892823903539,
      0.9881189462401405,
      0.9915739207241794,
      0.9914251846360708,
      0.9901582965775414,
      0.9900097728330548,
      0.9927002874426935,
      0.9925513823995771,
      0.9962575624015767,
      0.9939916441458228,
      0.9938425453992009,
      0.9938425453992009,
      0.9938425453992009,
      0.9938425453992009,
      0.9938425453992009,
      0.9938425453992009,
      0.9938425453992009,
      0.9938425453992009,
      0.9938425453992009,
      0.9938425453992009,
      0.9938425453992009,
      0.9914777558789806,
      0.9920892510012997,
      0.9962533153566802,
      0.9961038773593767,
      0.9961038773593767,
      0.9961038773593767,
      0.9961038773593767,
      0.9961038773593767,
      0.9961038773593767,
      0.9961038773593767,
      0.9961038773593767,
      0.9961038773593767,
      0.9961038773593767,
      0.9961038773593767,
      0.9961038773593767,
      0.9961038773593767,
      0.9961038773593767,
      0.9961038773593767,
      0.9961038773593767,
      0.9961038773593767,
      0.9961038773593767,
      0.9961038773593767,
      0.9961038773593767,
      0.9961038773593767,
      0.9961038773593767,
      0.9961038773593767,
      0.9961038773593767,
      0.9961038773593767,
      0.9961038773593767,
      0.9961038773593767,
      0.9991453028450327,
      0.998995431049606,
      0.998995431049606,
      0.998995431049606,
      0.998995431049606,
      1.0028673177888054,
      1.0012286863020203,
      1.0017343083869963,
      0.9993492857314192,
      0.9991993833385595,
      0.9991993833385595,
      0.9991993833385595,
      0.9991993833385595,
      0.9991993833385595,
      0.9991993833385595,
      0.9991993833385595,
      0.9991993833385595,
      0.9991993833385595,
      0.9991993833385595,
      0.9991993833385595,
      0.9991993833385595,
      0.9991993833385595,
      0.9991993833385595,
      0.9991993833385595,
      0.9991993833385595,
      0.9991993833385595,
      0.9991879798207499,
      1.0042344487463195,
      1.0048112727883571,
      1.0092154042579706,
      1.0126077378852283,
      1.0124558467245455,
      1.0124558467245455,
      1.0124558467245455,
      1.0124558467245455,
      1.0124558467245455,
      1.0124558467245455,
      1.0124558467245455,
      1.0124558467245455,
      1.0124558467245455,
      1.0124558467245455,
      1.0124558467245455,
      1.0124558467245455,
      1.0124558467245455,
      1.0126033197828948,
      1.0117286598675672,
      1.010297678893094,
      1.01014613424126,
      1.01014613424126,
      1.0143326420391252,
      1.0141804921428195,
      1.0141804921428195,
      1.0141804921428195,
      1.0141804921428195,
      1.0141804921428195,
      1.0141804921428195,
      1.0141804921428195,
      1.0145959903366464,
      1.0144438009380958,
      1.0144438009380958,
      1.0144438009380958,
      1.0144438009380958,
      1.0144438009380958,
      1.0144438009380958,
      1.0144438009380958,
      1.0144438009380958,
      1.0144438009380958,
      1.0144438009380958,
      1.0142881224990028,
      1.014135979280628,
      1.014135979280628,
      1.014135979280628,
      1.014135979280628,
      1.014135979280628,
      1.014102012947816,
      1.0139498976458738,
      1.013828584716058,
      1.0136765104283505,
      1.0140440385006073,
      1.0143843788172962,
      1.0142322211604735,
      1.0142322211604735,
      1.0142322211604735,
      1.0142322211604735,
      1.0142322211604735,
      1.0142322211604735,
      1.0142322211604735,
      1.0142322211604735,
      1.0142322211604735,
      1.0142322211604735,
      1.0142322211604735,
      1.0142322211604735,
      1.0142322211604735,
      1.0142322211604735,
      1.0142322211604735,
      1.0142322211604735,
      1.0142322211604735,
      1.0142322211604735,
      1.0142322211604735,
      1.0142322211604735,
      1.0142322211604735,
      1.0142322211604735,
      1.0142322211604735,
      0.9980927579523845,
      0.9979430440386916,
      0.9979430440386916,
      0.9979430440386916,
      0.9979430440386916,
      0.9979430440386916,
      0.996695114243664,
      0.9988980050497116,
      0.9986863946296283,
      0.9983852731661094,
      1.0044360393785225,
      1.0060369095779356,
      1.0055030372152447,
      1.0053522117596625,
      1.0053522117596625,
      1.0053522117596625,
      1.0053522117596625,
      1.0053522117596625,
      1.0053522117596625,
      1.00747433791128,
      1.0090726944506219,
      1.0077799083862193,
      1.005837498194702,
      1.0061773733571704,
      1.0093664966573022,
      1.0092150916828035,
      1.0092150916828035,
      1.0092150916828035,
      1.0092150916828035,
      1.0092150916828035,
      1.0095201054442713,
      1.0093686774284547,
      1.0093686774284547,
      1.0093686774284547,
      1.0093686774284547,
      1.0093686774284547,
      1.0093686774284547,
      1.0093686774284547,
      1.0093686774284547,
      1.0093686774284547,
      1.0092172721268404,
      1.0090658895360214,
      1.0090658895360214,
      1.0090658895360214,
      1.0090658895360214,
      1.0090658895360214,
      1.0090658895360214,
      1.0090658895360214,
      1.0090658895360214,
      1.0138128863759845,
      1.0157007291987326,
      1.0175059125913797,
      1.0353001553442485,
      1.0374078993874027,
      1.0371753252588392,
      1.0370197489600503,
      1.0370197489600503,
      1.0370197489600503,
      1.036644667911462,
      1.0363320763599573,
      1.036721781063653,
      1.0355395859740097,
      1.0350066444581294,
      1.034521152042057,
      1.0353483742699798,
      1.034972442243994,
      1.03551985284981,
      1.0351874718116387,
