{
  "model_name": "tcn_encoder",
  "split": "test",
  "generated_at": "2026-04-06 00:27:51",
  "metrics": {
    "accuracy": 0.5348837209302325,
    "precision": 0.5348837209302325,
    "recall": 1.0,
    "auc": 0.49782608695652175,
    "tp": 23,
    "fp": 20,
    "tn": 0,
    "fn": 0,
    "brier_score": 0.24956718528529212,
    "ece": 0.028024643438540053,
    "return_mae": 1.3562533408403397,
    "return_rmse": 2.3553583609871427,
    "return_nll": 2.25310360941231,
    "avg_predicted_return": 0.017128464267697444,
    "avg_actual_return": 0.03869701402131901
  },
  "backtest": {
    "pnl": 0.0,
    "gross_pnl": 0.0,
    "transaction_cost_pnl": 0.0,
    "slippage_pnl": 0.0,
    "sharpe": 0.0,
    "max_drawdown": 0.0,
    "hit_rate": 0.0,
    "trade_count": 0,
    "long_count": 0,
    "short_count": 0,
    "flat_count": 43,
    "flip_positions": false,
    "nan_signal_count": 0,
    "cost_bps_per_trade": 1.0,
    "slippage_bps": 0.5,
    "equity_curve": [
      1.0,
      1.0,
      1.0,
      1.0,
      1.0,
      1.0,
      1.0,
      1.0,
      1.0,
      1.0,
      1.0,
      1.0,
      1.0,
      1.0,
      1.0,
      1.0,
      1.0,
      1.0,
      1.0,
      1.0,
      1.0,
      1.0,
      1.0,
      1.0,
      1.0,
      1.0,
      1.0,
      1.0,
      1.0,
      1.0,
      1.0,
      1.0,
      1.0,
      1.0,
      1.0,
      1.0,
      1.0,
      1.0,
      1.0,
      1.0,
      1.0,
      1.0,
      1.0,
      1.0
    ]
  }
}