{
  "pnl": 0.013699987918947498,
  "gross_pnl": 0.014749987918947499,
  "transaction_cost_pnl": -0.0007000000000000001,
  "slippage_pnl": -0.00035000000000000005,
  "sharpe": 27.548112589658892,
  "max_drawdown": -0.0031921102412881823,
  "hit_rate": 0.6,
  "trade_count": 7,
  "long_count": 6,
  "short_count": 9,
  "flat_count": 28,
  "flip_positions": false,
  "nan_signal_count": 0,
  "cost_bps_per_trade": 1.0,
  "slippage_bps": 0.5,
  "equity_curve": [
    1.0,
    1.0,
    1.0,
    1.0,
    1.0,
    1.0,
    1.0,
    1.0,
    1.0,
    0.9975755698312676,
    1.0017194094789057,
    1.0022148715306372,
    1.002692707148938,
    1.0097681288186038,
    1.0073639784925659,
    1.007212873895792,
    1.007212873895792,
    1.007212873895792,
    1.007212873895792,
    1.007212873895792,
    1.007212873895792,
    1.007212873895792,
    1.007212873895792,
    1.007212873895792,
    1.007212873895792,
    1.007212873895792,
    1.007212873895792,
    1.007212873895792,
    1.007212873895792,
    1.0068484200906214,
    1.0065448376332755,
    1.0126450553132864,
    1.0124931585549894,
    1.0124931585549894,
    1.0124931585549894,
    1.0121269485614188,
    1.0118217501236475,
    1.0122022379077464,
    1.0120504075720602,
    1.0120504075720602,
    1.0120504075720602,
    1.0124342013355803,
    1.0130963971538764,
    1.0137349535542843
  ]
}