{
  "model_name": "gnn_panel",
  "split": "test",
  "generated_at": "2026-04-06 00:27:56",
  "metrics": {
    "accuracy": 0.5581395348837209,
    "precision": 0.5526315789473685,
    "recall": 0.9130434782608695,
    "auc": 0.4826086956521739,
    "tp": 21,
    "fp": 17,
    "tn": 3,
    "fn": 2,
    "brier_score": 0.24990800392592796,
    "ece": 0.01722678388157276,
    "return_mae": 1.3547728745223477,
    "return_rmse": 2.3562611378003346,
    "return_nll": 2.3052887553457677,
    "avg_predicted_return": 0.10164849139576734,
    "avg_actual_return": 0.03869701402131901
  },
  "backtest": {
    "pnl": -0.016208866269062875,
    "gross_pnl": -0.013358866269062877,
    "transaction_cost_pnl": -0.0019000000000000006,
    "slippage_pnl": -0.0009500000000000003,
    "sharpe": -23.134953871107147,
    "max_drawdown": -0.020331373083323393,
    "hit_rate": 0.45454545454545453,
    "trade_count": 18,
    "long_count": 32,
    "short_count": 1,
    "flat_count": 10,
    "flip_positions": false,
    "nan_signal_count": 0,
    "cost_bps_per_trade": 1.0,
    "slippage_bps": 0.5,
    "equity_curve": [
      1.0,
      1.0,
      0.9998424082603333,
      0.9996924318990943,
      0.9982729982717151,
      0.998820552767112,
      0.9998765433251038,
      0.9948620983362803,
      0.9947128690215298,
      0.9923012571326476,
      0.9964231877573149,
      0.9962737242791513,
      0.9965992862209249,
      1.0036317101484418,
      1.001242169981435,
      1.003524616644597,
      0.9998050047660099,
      0.999655034015295,
      1.0000839512463393,
      0.9950785068560642,
      0.9965627898357391,
      0.9954672760849579,
      0.9973796654939724,
      0.9972300585441483,
      0.9966295970930538,
      0.9926190188688861,
      0.9906349480377976,
      0.9917251438017889,
      0.9895332376007987,
      0.9893848076151586,
      0.9895347167659138,
      0.983537589813881,
      0.9835992947986539,
      0.9832264994111599,
      0.9841793659721892,
      0.9840317390672935,
      0.9840317390672935,
      0.9835140967421736,
      0.9851285893176411,
      0.9840078258298495,
      0.9853688116798192,
      0.9852210063580672,
      0.9844288265345721,
      0.9838083393531987
    ]
  }
}