{
  "model_name": "panel_transformer",
  "split": "test",
  "generated_at": "2026-04-06 00:23:22",
  "metrics": {
    "accuracy": 0.46511627906976744,
    "precision": 0.5,
    "recall": 0.21739130434782608,
    "auc": 0.49782608695652175,
    "tp": 5,
    "fp": 5,
    "tn": 15,
    "fn": 18,
    "brier_score": 0.2526298163278281,
    "ece": 0.06160841396848989,
    "return_mae": 0.2831941983975962,
    "return_rmse": 0.29918727818921187,
    "return_nll": 0.4992976187049375,
    "avg_predicted_return": 0.28308338862518934,
    "avg_actual_return": -0.00011080977240686311
  },
  "backtest": {
    "pnl": -0.0008811023934382133,
    "gross_pnl": -0.0002811023934382133,
    "transaction_cost_pnl": -0.0004,
    "slippage_pnl": -0.0002,
    "sharpe": -1.2892366055348055,
    "max_drawdown": -0.013740063787623187,
    "hit_rate": 0.28,
    "trade_count": 4,
    "long_count": 0,
    "short_count": 25,
    "flat_count": 18,
    "flip_positions": false,
    "nan_signal_count": 0,
    "cost_bps_per_trade": 1.0,
    "slippage_bps": 0.5,
    "equity_curve": [
      1.0,
      1.0,
      0.9998575917396667,
      0.9987487694661725,
      0.9974804880325073,
      0.9966341240839609,
      0.9955804451003942,
      1.0005733448811034,
      0.9966871249249083,
      0.9989540201906245,
      0.9948044545835463,
      0.9943124127488013,
      0.9938383448617378,
      0.9868254032982415,
      0.989174929439315,
      0.986919991438627,
      0.9905780574815355,
      0.9900191827346347,
      0.9894458970350607,
      0.9943980977064372,
      0.9929148296413777,
      0.9927658924169315,
      0.9927658924169315,
      0.9927658924169315,
      0.9927658924169315,
      0.9927658924169315,
      0.9927658924169315,
      0.9915244366604783,
      0.9937158992594982,
      0.9935053866367651,
      0.9932058273380235,
      0.9992252032478572,
      0.9991625140567274,
      0.999012639679619,
      0.999012639679619,
      0.999012639679619,
      0.999012639679619,
      0.999012639679619,
      0.999012639679619,
      0.999012639679619,
      0.999012639679619,
      0.999012639679619,
      0.999012639679619,
      0.999012639679619
    ]
  }
}