{
  "rows": [
    {
      "k": 0.15,
      "seed": 7,
      "val_auc": 0.5792772861356932,
      "directional_accuracy_non_neutral": 0.43577981651376146,
      "test_auc": 0.4203843514070007,
      "base_trade_count": 0,
      "base_sharpe": 0.0,
      "best_bucket": {
        "top_percentile": 0.1,
        "selected_rows": 26,
        "non_neutral_rows": 24,
        "directional_accuracy": 0.3333333333333333,
        "directional_precision": 0.0,
        "average_realized_return": -0.0008672424724052983,
        "hit_rate": 0.34615384615384615,
        "sharpe_after_costs": -7.975698094315353,
        "trade_count": 8,
        "pnl_after_costs": -0.015756865644845006
      }
    },
    {
      "k": 0.15,
      "seed": 42,
      "val_auc": 0.44144542772861356,
      "directional_accuracy_non_neutral": 0.43577981651376146,
      "test_auc": 0.4473232669869595,
      "base_trade_count": 26,
      "base_sharpe": -22.035158621754434,
      "best_bucket": {
        "top_percentile": 0.05,
        "selected_rows": 13,
        "non_neutral_rows": 13,
        "directional_accuracy": 0.38461538461538464,
        "directional_precision": 0.0,
        "average_realized_return": -0.0005777661235889677,
        "hit_rate": 0.38461538461538464,
        "sharpe_after_costs": -6.819921527318408,
        "trade_count": 10,
        "pnl_after_costs": -0.014594240385744289
      }
    },
    {
      "k": 0.25,
      "seed": 7,
      "val_auc": 0.5043491767629699,
      "directional_accuracy_non_neutral": 0.4729064039408867,
      "test_auc": 0.534978200554895,
      "base_trade_count": 0,
      "base_sharpe": 0.0,
      "best_bucket": {
        "top_percentile": 0.1,
        "selected_rows": 26,
        "non_neutral_rows": 19,
        "directional_accuracy": 0.3684210526315789,
        "directional_precision": 1.0,
        "average_realized_return": -0.0010933774443159998,
        "hit_rate": 0.46153846153846156,
        "sharpe_after_costs": -6.7935825479105185,
        "trade_count": 18,
        "pnl_after_costs": -0.012464325525488556
      }
    },
    {
      "k": 0.25,
      "seed": 42,
      "val_auc": 0.4588381484933209,
      "directional_accuracy_non_neutral": 0.42857142857142855,
      "test_auc": 0.45917558462148234,
      "base_trade_count": 0,
      "base_sharpe": 0.0,
      "best_bucket": {
        "top_percentile": 0.05,
        "selected_rows": 13,
        "non_neutral_rows": 12,
        "directional_accuracy": 0.25,
        "directional_precision": 0.0,
        "average_realized_return": -0.00034353942250190295,
        "hit_rate": 0.38461538461538464,
        "sharpe_after_costs": -0.7736774084361902,
        "trade_count": 6,
        "pnl_after_costs": -0.0013806455818982887
      }
    },
    {
      "k": 0.35,
      "seed": 7,
      "val_auc": 0.5225366876310272,
      "directional_accuracy_non_neutral": 0.5319148936170213,
      "test_auc": 0.5323641398407754,
      "base_trade_count": 0,
      "base_sharpe": 0.0,
      "best_bucket": {
        "top_percentile": 0.2,
        "selected_rows": 52,
        "non_neutral_rows": 41,
        "directional_accuracy": 0.5365853658536586,
        "directional_precision": 0.6818181818181818,
        "average_realized_return": 3.8014976383853053e-05,
        "hit_rate": 0.5576923076923077,
        "sharpe_after_costs": 1.7879212508833955,
        "trade_count": 24,
        "pnl_after_costs": 0.004063612735450278
      }
    },
    {
      "k": 0.35,
      "seed": 42,
      "val_auc": 0.4505590496156534,
      "directional_accuracy_non_neutral": 0.4308510638297872,
      "test_auc": 0.5015576323987538,
      "base_trade_count": 0,
      "base_sharpe": 0.0,
      "best_bucket": {
        "top_percentile": 0.05,
        "selected_rows": 13,
        "non_neutral_rows": 11,
        "directional_accuracy": 0.36363636363636365,
        "directional_precision": 0.0,
        "average_realized_return": -0.0004202489168191218,
        "hit_rate": 0.3076923076923077,
        "sharpe_after_costs": -5.60496266853512,
        "trade_count": 4,
        "pnl_after_costs": -0.009737280134727418
      }
    }
  ],
  "summary": {
    "0.15": {
      "runs": 2,
      "directional_accuracy_mean": 0.43577981651376146,
      "test_auc_mean": 0.43385380919698013,
      "base_sharpe_mean": -11.017579310877217,
      "base_trade_count_mean": 13,
      "best_bucket_hit_rate_mean": 0.3653846153846154,
      "best_bucket_sharpe_mean": -7.397809810816881
    },
    "0.25": {
      "runs": 2,
      "directional_accuracy_mean": 0.4507389162561576,
      "test_auc_mean": 0.49707689258818866,
      "base_sharpe_mean": 0.0,
      "base_trade_count_mean": 0,
      "best_bucket_hit_rate_mean": 0.42307692307692313,
      "best_bucket_sharpe_mean": -3.7836299781733542
    },
    "0.35": {
      "runs": 2,
      "directional_accuracy_mean": 0.48138297872340424,
      "test_auc_mean": 0.5169608861197645,
      "base_sharpe_mean": 0.0,
      "base_trade_count_mean": 0,
      "best_bucket_hit_rate_mean": 0.4326923076923077,
      "best_bucket_sharpe_mean": -1.9085207088258622
    }
  },
  "best_overall": {
    "k": 0.35,
    "seed": 7,
    "val_auc": 0.5225366876310272,
    "directional_accuracy_non_neutral": 0.5319148936170213,
    "test_auc": 0.5323641398407754,
    "base_trade_count": 0,
    "base_sharpe": 0.0,
    "best_bucket": {
      "top_percentile": 0.2,
      "selected_rows": 52,
      "non_neutral_rows": 41,
      "directional_accuracy": 0.5365853658536586,
      "directional_precision": 0.6818181818181818,
      "average_realized_return": 3.8014976383853053e-05,
      "hit_rate": 0.5576923076923077,
      "sharpe_after_costs": 1.7879212508833955,
      "trade_count": 24,
      "pnl_after_costs": 0.004063612735450278
    }
  }
}