{
  "pnl": 0.009104045821263063,
  "gross_pnl": 0.010454045821263061,
  "transaction_cost_pnl": -0.0009000000000000002,
  "slippage_pnl": -0.0004500000000000001,
  "sharpe": 18.91080646960883,
  "max_drawdown": -0.0030866082741694252,
  "hit_rate": 0.5294117647058824,
  "trade_count": 9,
  "long_count": 5,
  "short_count": 12,
  "flat_count": 26,
  "flip_positions": false,
  "nan_signal_count": 0,
  "cost_bps_per_trade": 1.0,
  "slippage_bps": 0.5,
  "equity_curve": [
    1.0,
    1.0,
    1.0,
    1.0,
    1.0,
    1.0,
    1.0,
    1.0,
    1.0,
    0.9975755698312676,
    0.9974259334957929,
    0.9977696580544236,
    0.9982453742855649,
    1.0052894137031316,
    1.002895926720586,
    1.002745492331578,
    1.002745492331578,
    1.002745492331578,
    1.002745492331578,
    1.002745492331578,
    1.002745492331578,
    1.002745492331578,
    1.002745492331578,
    1.002745492331578,
    1.002745492331578,
    1.002745492331578,
    1.002745492331578,
    1.002745492331578,
    1.0048113438306796,
    1.0045984807060186,
    1.004295576644858,
    1.0103821625609022,
    1.010230605236518,
    1.010230605236518,
    1.0091000338081015,
    1.0088864160833928,
    1.0085821948011564,
    1.0089614643754017,
    1.0088101201557453,
    1.0088101201557453,
    1.0072635086178685,
    1.0077965766009025,
    1.0084557391201436,
    1.0090913705058167
  ]
}