{
  "model_name": "panel_transformer",
  "split": "test",
  "generated_at": "2026-04-06 00:23:24",
  "metrics": {
    "accuracy": 0.5348837209302325,
    "precision": 0.5348837209302325,
    "recall": 1.0,
    "auc": 0.4326086956521739,
    "tp": 23,
    "fp": 20,
    "tn": 0,
    "fn": 0,
    "brier_score": 0.2526646442997498,
    "ece": 0.024747142817356904,
    "return_mae": 0.29405837188221273,
    "return_rmse": 0.2980298535827505,
    "return_nll": 0.22030816032095282,
    "avg_predicted_return": -0.29416918165461964,
    "avg_actual_return": -0.00011080977240686311
  },
  "backtest": {
    "pnl": -0.004791389031750898,
    "gross_pnl": -0.004641389031750898,
    "transaction_cost_pnl": -0.0001,
    "slippage_pnl": -5e-05,
    "sharpe": -6.527917431988987,
    "max_drawdown": -0.01875679848777631,
    "hit_rate": 0.5476190476190477,
    "trade_count": 1,
    "long_count": 42,
    "short_count": 0,
    "flat_count": 1,
    "flip_positions": false,
    "nan_signal_count": 0,
    "cost_bps_per_trade": 1.0,
    "slippage_bps": 0.5,
    "equity_curve": [
      1.0,
      1.0,
      0.9998424082603333,
      1.0009512136956495,
      1.0022222919479045,
      1.0030726793254134,
      1.0041331653911163,
      0.9990973731696462,
      1.002977860461915,
      1.0006966573575098,
      1.004853461723437,
      1.0053504739138006,
      1.0058298045233913,
      1.012927362872206,
      1.010515690746496,
      1.01281927746664,
      1.0090652144841858,
      1.0096345195097634,
      1.0102191637691125,
      1.0051629923947647,
      1.006662317635066,
      1.0055557015516536,
      1.0074874718067086,
      1.0074170567489034,
      1.00696157396608,
      1.002909418408086,
      1.0009047788782541,
      1.0020062766118571,
      0.9997916470999774,
      1.0000034468326517,
      1.0003049654105092,
      0.994242564802755,
      0.9943049413941096,
      0.9939280884440573,
      0.9948913261518626,
      0.9951019360164001,
      0.9954020007036679,
      0.9950276874400035,
      0.9966610802089305,
      0.9955271964088726,
      0.9969041147544455,
      0.9963765292108576,
      0.9957248361228314,
      0.9950972290471992
    ]
  }
}