{
  "model_name": "tcn_encoder",
  "split": "test",
  "generated_at": "2026-04-06 00:28:15",
  "metrics": {
    "accuracy": 0.5348837209302325,
    "precision": 0.5348837209302325,
    "recall": 1.0,
    "auc": 0.3804347826086957,
    "tp": 23,
    "fp": 20,
    "tn": 0,
    "fn": 0,
    "brier_score": 0.24965282047551138,
    "ece": 0.029413853229892095,
    "return_mae": 0.5337321669036565,
    "return_rmse": 0.6329562425807848,
    "return_nll": 1.331136819748175,
    "avg_predicted_return": -0.03373216031942257,
    "avg_actual_return": 0.500000006584234
  },
  "backtest": {
    "pnl": 0.0,
    "gross_pnl": 0.0,
    "transaction_cost_pnl": 0.0,
    "slippage_pnl": 0.0,
    "sharpe": 0.0,
    "max_drawdown": 0.0,
    "hit_rate": 0.0,
    "trade_count": 0,
    "long_count": 0,
    "short_count": 0,
    "flat_count": 43,
    "flip_positions": false,
    "nan_signal_count": 0,
    "cost_bps_per_trade": 1.0,
    "slippage_bps": 0.5,
    "equity_curve": [
      1.0,
      1.0,
      1.0,
      1.0,
      1.0,
      1.0,
      1.0,
      1.0,
      1.0,
      1.0,
      1.0,
      1.0,
      1.0,
      1.0,
      1.0,
      1.0,
      1.0,
      1.0,
      1.0,
      1.0,
      1.0,
      1.0,
      1.0,
      1.0,
      1.0,
      1.0,
      1.0,
      1.0,
      1.0,
      1.0,
      1.0,
      1.0,
      1.0,
      1.0,
      1.0,
      1.0,
      1.0,
      1.0,
      1.0,
      1.0,
      1.0,
      1.0,
      1.0,
      1.0
    ]
  }
}