{
  "pnl": -0.20427785898016118,
  "gross_pnl": -0.2041278589801612,
  "transaction_cost_pnl": -0.0001,
  "slippage_pnl": -5e-05,
  "sharpe": -26.709061175494327,
  "max_drawdown": -0.18876382309048093,
  "hit_rate": 0.3732193732193732,
  "trade_count": 1,
  "long_count": 0,
  "short_count": 351,
  "flat_count": 0,
  "flip_positions": false,
  "nan_signal_count": 0,
  "cost_bps_per_trade": 1.0,
  "slippage_bps": 0.5,
  "equity_curve": [
    1.0,
    0.99985,
    0.9998575906009057,
    0.9987487683286743,
    0.9974804868964536,
    0.9966341229488711,
    0.9955804439665045,
    1.0005733437415272,
    0.9989758880482985,
    0.9966161234548971,
    0.9958663480413107,
    0.9956691725377711,
    0.995321393288458,
    0.9963615765377207,
    0.9969999158647203,
    0.9951779839955236,
    0.992306338304649,
    0.986525220471357,
    0.9926470407121574,
    0.9994218633422897,
    0.9992090056578625,
    0.9927382010725719,
    0.9927382010725719,
    0.9940815212397381,
    0.9917717754049468,
    0.9890259164524333,
    0.9887223148589076,
    0.9906696121378544,
    0.9825911759217321,
    0.9776918208246471,
    0.9776656494664008,
    0.9776656494664008,
    0.9763690304853827,
    0.9763690304853827,
    0.9765453742019337,
    0.9763008689097079,
    0.9763008689097079,
    0.9762561375621217,
    0.9760018917963396,
    0.9759442026523891,
    0.9756594695386966,
    0.9687004548816739,
    0.9682578248381977,
    0.9680714196624244,
    0.96865814304246,
    0.9683132510031506,
    0.9672561162541711,
    0.9638740890054227,
    0.9552900061894873,
    0.9563674255774676,
    0.9493866295706019,
    0.9466641070488666,
    0.9462920770651712,
    0.9426166851780157,
    0.944760601004335,
    0.9408361500109829,
    0.9403708015263508,
    0.9399224518997948,
    0.9332899635645733,
    0.9330430621880982,
    0.9337759572937366,
    0.9330757265111228,
    0.9317037922039295,
    0.9313816957303581,
    0.9326770427049756,
    0.933374554557788,
    0.9312936512264046,
    0.9318680277283433,
    0.9357793274770967,
    0.9323616029752453,
    0.9290299799950199,
    0.9289137894239551,
    0.9209445632788154,
    0.9210012236747361,
    0.9166333508027689,
    0.918625373616758,
    0.9226220446670667,
    0.9249458651080918,
    0.9221222002303736,
    0.9183900682170703,
    0.9209214245720788,
    0.9209386426643211,
    0.9210421184648685,
    0.920066157458833,
    0.9182292387804737,
    0.9164520367179089,
    0.9164566837356247,
    0.9164566837356247,
    0.916721528170398,
    0.9169602072166405,
    0.9166890197242319,
    0.9158770228128231,
    0.9145797168737332,
    0.913693328577732,
    0.913693328577732,
    0.9145244287866306,
    0.9115949129291876,
    0.9113464282243985,
    0.9122673401444467,
    0.9088161154032007,
    0.9043694813392279,
    0.90072868856274,
    0.9022004309995999,
    0.9017448183416436,
    0.9038917766750934,
    0.9018312514281693,
    0.9051739319958962,
    0.9046632414467521,
    0.9041393824061433,
    0.908664621906339,
    0.9083932408500103,
    0.9071434914729465,
    0.9063615844983343,
    0.9063328201035727,
    0.9063328201035727,
    0.9067461535774044,
    0.9027712872412292,
    0.9029538886822935,
    0.9009105750096494,
    0.9037585283640285,
    0.8967568025023263,
    0.8901250643946991,
    0.8900017043252811,
    0.8855066883370111,
    0.8849980605480963,
    0.8811190755938465,
    0.8781573195037746,
    0.8739402696198074,
    0.8763055846145615,
    0.8748968670092958,
    0.8719950790417754,
    0.8721025227096091,
    0.8720920418226271,
    0.8711689277910876,
    0.8717727289664161,
    0.8720534091651445,
    0.8722718685138037,
    0.8720505730395703,
    0.8718384531743474,
    0.8716068049964995,
    0.8718645031795063,
    0.8711114097246166,
    0.8698793166710053,
    0.8697609492646369,
    0.8699283599813347,
    0.8736642304165224,
    0.8714501294350867,
    0.870262471556714,
    0.8663468910614716,
    0.8696120403547002,
    0.8696120403547002,
    0.8689147276097863,
    0.8682037196471531,
    0.8677177959160658,
    0.8664234872290976,
    0.8673759398531974,
    0.8657096263531364,
    0.8657701323098734,
    0.8661615723659137,
    0.8696471288363153,
    0.8687492399060271,
    0.8699428057698461,
    0.8697109858049754,
    0.8693196709260943,
    0.8693166614574976,
    0.8682447297739728,
    0.8687993304432927,
    0.8709080479710288,
    0.8720700173458247,
    0.8725309528500149,
    0.8724292967799995,
    0.8723106703938186,
    0.8722841904521851,
    0.8711306981898601,
    0.8706841832608139,
    0.8703919583480721,
    0.8741826411895505,
    0.8783605411076458,
    0.8759672247040222,
    0.8752607395238607,
    0.8685093543271993,
    0.8685093543271993,
    0.8685964449546536,
    0.8681373116679021,
    0.8685136260126087,
    0.8685136260126087,
    0.8682915938378881,
    0.8682915938378881,
    0.8685027479974748,
    0.8687334485784461,
    0.868990275202453,
    0.868484153967188,
    0.8660308112127392,
    0.8650251655447728,
    0.8650251655447728,
    0.875268318330516,
    0.866528900372861,
    0.8662954248695741,
    0.8650922092088132,
    0.8514557727649215,
    0.8488280792894668,
    0.8420265460487091,
    0.8385840693944085,
    0.8383010413922036,
    0.8399766577286634,
    0.8390522617178814,
    0.8409067310402623,
    0.8407285901032429,
    0.8404750956881437,
    0.8455688390035246,
    0.8469165066526769,
    0.8464670745174303,
    0.8466258904764592,
    0.846668175260948,
    0.8468277479512145,
    0.8457743896753178,
    0.8495581956552603,
    0.850843939315831,
    0.852767551585625,
    0.854120466038455,
    0.8530261989535483,
    0.8513820633950889,
    0.8516697476558551,
    0.8543691522620274,
    0.8548068513845599,
    0.8565279237295277,
    0.8526372282914827,
    0.8493099630483174,
    0.849771555124306,
    0.8493872640417608,
    0.851244905731111,
    0.8513464132893347,
    0.8513447187610063,
    0.8513447187610063,
    0.8535117955340956,
    0.848838781881155,
    0.8492033122940935,
    0.8494187006288924,
    0.8494187006288924,
    0.8494187006288924,
    0.8494187006288924,
    0.8511491735266168,
    0.8535467745779975,
    0.8543754270475808,
    0.854294849563444,
    0.8620735322336355,
    0.8581899080758243,
    0.858187591957952,
    0.8540216509578722,
    0.8524313588379963,
    0.8509163506391147,
    0.8360354424121587,
    0.834333376866709,
    0.8345204241777725,
    0.8344680682021596,
    0.8347843411483499,
    0.8339753331681666,
    0.8337987878236359,
    0.8335473627550504,
    0.8338608118274363,
    0.8329099432576865,
    0.8324812852964035,
    0.8320907918124267,
    0.8327561469840232,
    0.8324537756148611,
    0.8328940714208393,
    0.832626729181689,
    0.8317028622037138,
    0.8304179028555413,
    0.8277788023898845,
    0.8325931492006098,
    0.8372444940960012,
    0.8371058265191024,
    0.833556891740245,
    0.833556891740245,
    0.8324357404601392,
    0.8357816256133648,
    0.8402408070229271,
    0.8397838956218959,
    0.8384765539305102,
    0.8389360036538722,
    0.8390045052044515,
    0.8388378303956716,
    0.8386161614235943,
    0.8350176234558881,
    0.8336802808007662,
    0.8334244186552419,
    0.833217173698969,
    0.833217173698969,
    0.833217173698969,
    0.8333355320299851,
    0.8330925470089346,
    0.8283858138931869,
    0.8286541768156979,
    0.8287323211185446,
    0.8278243031955955,
    0.83019624864035,
    0.8302911277979812,
    0.8325889025277076,
    0.8304738807682462,
    0.8322815218700215,
    0.8270797673966305,
    0.8270797673966305,
    0.8272188290694119,
    0.8258609037867511,
    0.8268004712269774,
    0.8256569196082297,
    0.8260938770330226,
    0.8266341945274036,
    0.82715522348101,
    0.8280191877581745,
    0.8282520950672391,
    0.8281692273050417,
    0.8286027855756729,
    0.8302139891832722,
    0.8271946710052006,
    0.8248456496897172,
