{
  "model_name": "panel_transformer",
  "split": "test",
  "generated_at": "2026-04-05 23:53:53",
  "metrics": {
    "accuracy": 0.4672364672364672,
    "precision": 0.6285714285714286,
    "recall": 0.11224489795918367,
    "auc": 0.4621790651744569,
    "tp": 22,
    "fp": 13,
    "tn": 142,
    "fn": 174,
    "brier_score": 0.25376397929527733,
    "ece": 0.07773424134572135,
    "return_mae": 0.0577390789354562,
    "return_rmse": 0.0686368482537597,
    "return_nll": -0.4198602338614347,
    "avg_predicted_return": -0.005308243729959526,
    "avg_actual_return": 0.0005767399655566088
  },
  "backtest": {
    "pnl": -0.10511167043265042,
    "gross_pnl": -0.09446167043265041,
    "transaction_cost_pnl": -0.007100000000000006,
    "slippage_pnl": -0.003550000000000003,
    "sharpe": -19.847646930781025,
    "max_drawdown": -0.11010282417672655,
    "hit_rate": 0.3539325842696629,
    "trade_count": 71,
    "long_count": 4,
    "short_count": 174,
    "flat_count": 173,
    "flip_positions": false,
    "nan_signal_count": 0,
    "cost_bps_per_trade": 1.0,
    "slippage_bps": 0.5,
    "equity_curve": [
      1.0,
      0.99985,
      0.9998575906009057,
      0.9987487683286743,
      0.9974804868964536,
      0.9966341229488711,
      0.9955804439665045,
      1.0005733437415272,
      0.9989758880482985,
      0.9966161234548971,
      0.9958663480413107,
      0.9956691725377711,
      0.995321393288458,
      0.9963615765377207,
      0.9969999158647203,
      0.9951779839955236,
      0.992306338304649,
      0.986525220471357,
      0.9926470407121574,
      0.9994218633422897,
      0.9992090056578625,
      0.9927382010725719,
      0.9927382010725719,
      0.9940815212397381,
      0.9917717754049468,
      0.9890259164524333,
      0.9887223148589076,
      0.9906696121378544,
      0.9825911759217321,
      0.9776918208246471,
      0.9776656494664008,
      0.9776656494664008,
      0.9763690304853827,
      0.9763690304853827,
      0.9765453742019337,
      0.9763008689097079,
      0.9763008689097079,
      0.9762561375621217,
      0.9760018917963396,
      0.9759442026523891,
      0.9756594695386966,
      0.9687004548816739,
      0.9682578248381977,
      0.9680714196624244,
      0.96865814304246,
      0.9685128443210037,
      0.9685128443210037,
      0.9685128443210037,
      0.9597421726889875,
      0.9595982113630842,
      0.952449893206389,
      0.9497185862716666,
      0.9493453559067092,
      0.9456581051056355,
      0.947808938429194,
      0.9438718249149637,
      0.9434049749502743,
      0.9429551786916884,
      0.9363012901600671,
      0.9360535921387009,
      0.9367888519826408,
      0.936086361855492,
      0.9347100009044604,
      0.9343868651636569,
      0.9356863916676247,
      0.9355460387088745,
      0.9333199622762806,
      0.9338955885080452,
      0.9378153984725504,
      0.9376747261627795,
      0.9376747261627795,
      0.9374168032142428,
      0.9293746290295956,
      0.9294318080787362,
      0.9292923933075243,
      0.9292923933075243,
      0.9292923933075243,
      0.9292923933075243,
      0.9292923933075243,
      0.9292923933075243,
      0.9292923933075243,
      0.9291703740493585,
      0.9292747747595095,
      0.9291353835432956,
      0.9291353835432956,
      0.9271977026938039,
      0.9272024041991505,
      0.9270633238385206,
      0.9271921739600703,
      0.9274335791599743,
      0.9271592942076629,
      0.9263380227981864,
      0.9250258992394033,
      0.9241293867589094,
      0.9241293867589094,
      0.9249699796606659,
      0.9248312341637168,
      0.9248312341637168,
      0.9248312341637168,
      0.9248312341637168,
      0.929217501938078,
      0.9329583273845897,
      0.9328183836354821,
      0.9328183836354821,
      0.9348994020595278,
      0.9347591671492189,
      0.9347591671492189,
      0.9347591671492189,
      0.9347591671492189,
      0.9347591671492189,
      0.9347591671492189,
      0.9347591671492189,
      0.9347591671492189,
      0.9345892876504587,
      0.9345892876504587,
      0.9350155074985121,
      0.9309167179421467,
      0.9311050122937831,
      0.9289979948412487,
      0.9319347379864727,
      0.9247147214094892,
      0.917876227584248,
      0.9177490215548022,
      0.9131138657960438,
      0.912589380670517,
      0.9085894617612748,
      0.905535367886468,
      0.9011868442981984,
      0.9036259020118577,
      0.9021732652386958,
      0.8991810090946806,
      0.8992918025016453,
      0.8992809948551812,
      0.8983291011732795,
      0.8989517268774533,
      0.8988168841184216,
      0.8988168841184216,
      0.8988168841184216,
      0.8988168841184216,
      0.8988168841184216,
      0.8988168841184216,
      0.8988168841184216,
      0.8988168841184216,
      0.8988168841184216,
      0.8988168841184216,
      0.8988168841184216,
      0.8988168841184216,
      0.8988168841184216,
      0.8988168841184216,
      0.8988168841184216,
      0.8988168841184216,
      0.8988168841184216,
      0.8988168841184216,
      0.898179004015315,
      0.8968392586593699,
      0.8978251471052586,
      0.8961003377180292,
      0.8961629677346254,
      0.8965681492824982,
      0.8964336640601058,
      0.8964336640601058,
      0.8964336640601058,
      0.8964336640601058,
      0.8964336640601058,
      0.8964336640601058,
      0.8964336640601058,
      0.8964336640601058,
      0.8964336640601058,
      0.8974952247753298,
      0.8979695988573551,
      0.8978649790039104,
      0.8977428940646143,
      0.897715642100098,
      0.897580984753783,
      0.8979064201423189,
      0.8977717341792976,
      0.8977717341792976,
      0.8977717341792976,
      0.8977717341792976,
      0.8977717341792976,
      0.8977717341792976,
      0.8976370684191707,
      0.8977270798567278,
      0.8975924207947493,
      0.8975924207947493,
      0.8975924207947493,
      0.8972283158746417,
      0.8972283158746417,
      0.897446506966598,
      0.8976848958847968,
      0.8979502815236361,
      0.8974272932708788,
      0.8948921903130026,
      0.8938530304553701,
      0.8937189525008018,
      0.9041678235051062,
      0.8951398484853472,
      0.8950055775080744,
      0.8950055775080744,
      0.8950055775080744,
      0.8950055775080744,
      0.8950055775080744,
      0.8912122546142806,
      0.890911464230621,
      0.8907778275109863,
      0.8907778275109863,
      0.8926130037590004,
      0.8924239091650155,
      0.8921548277045569,
      0.8975617787412014,
      0.8989923127397703,
      0.898515245600907,
      0.8986838269488744,
      0.8987287117703445,
      0.8988980963799796,
      0.8987632616655227,
      0.8987632616655227,
      0.8999886590745867,
      0.8998536607757255,
      0.8998536607757255,
      0.8998536607757255,
      0.8998536607757255,
      0.8998536607757255,
      0.9025708083580113,
      0.9030332015165141,
      0.9048513730335069,
      0.9007411729902426,
      0.8972261906524625,
      0.8977138247530777,
      0.8973078528004396,
      0.8992702986082701,
      0.8991354080634789,
      0.8991354080634789,
      0.8991354080634789,
      0.8991354080634789,
      0.8991354080634789,
      0.8991354080634789,
      0.8991354080634789,
      0.8991354080634789,
      0.8991354080634789,
      0.8991354080634789,
      0.8991354080634789,
      0.8991354080634789,
      0.8991354080634789,
      0.8991354080634789,
      0.8991354080634789,
      0.8991354080634789,
      0.8990029643755245,
      0.8988681139308682,
      0.8988681139308682,
      0.8988681139308682,
      0.8988681139308682,
      0.8988681139308682,
      0.8988681139308682,
      0.8988681139308682,
      0.8988681139308682,
      0.8978621707311105,
      0.8976721010971914,
      0.8974014155638449,
      0.8977388764614916,
      0.8976042156300225,
      0.8976042156300225,
      0.8970485341844074,
      0.8969139769042798,
      0.8969139769042798,
      0.8969139769042798,
