{
  "pnl": -0.0076579139138024535,
  "gross_pnl": -0.006607913913802453,
  "transaction_cost_pnl": -0.0007000000000000001,
  "slippage_pnl": -0.00035000000000000005,
  "sharpe": -16.747354737327743,
  "max_drawdown": -0.01301462957731809,
  "hit_rate": 0.391304347826087,
  "trade_count": 7,
  "long_count": 20,
  "short_count": 3,
  "flat_count": 20,
  "flip_positions": false,
  "nan_signal_count": 0,
  "cost_bps_per_trade": 1.0,
  "slippage_bps": 0.5,
  "equity_curve": [
    1.0,
    1.0,
    1.0,
    1.0,
    1.0,
    1.0,
    1.0,
    1.0,
    1.0,
    1.0,
    1.0,
    1.0,
    1.0,
    1.0,
    1.0,
    1.0,
    1.0,
    0.9992858094824737,
    0.9987071578014213,
    1.0037057113071692,
    1.0035551554504731,
    1.0023014217730501,
    1.0042269402402946,
    1.0041567530667312,
    1.0037027443627753,
    0.9996637027952563,
    0.9976655508800591,
    0.9975159010474272,
    0.9975159010474272,
    0.9975775912920916,
    0.9978783784319575,
    0.991830684281616,
    0.9916819096789738,
    0.9911572986015036,
    0.9921178510755502,
    0.9923278738194697,
    0.9926271020114243,
    0.9922538322270629,
    0.9938826715598353,
    0.9927519487064821,
    0.9941250285939107,
    0.9935989138093065,
    0.9929490374569272,
    0.9923231799719651
  ]
}