{
  "pnl": -0.06915437235935488,
  "gross_pnl": -0.06525437235935488,
  "transaction_cost_pnl": -0.0025999999999999994,
  "slippage_pnl": -0.0012999999999999997,
  "sharpe": -22.035158621754434,
  "max_drawdown": -0.06822594465124072,
  "hit_rate": 0.2857142857142857,
  "trade_count": 26,
  "long_count": 0,
  "short_count": 56,
  "flat_count": 205,
  "flip_positions": false,
  "nan_signal_count": 0,
  "cost_bps_per_trade": 1.0,
  "slippage_bps": 0.5,
  "confidence_threshold": 0.6,
  "top_percentile": null,
  "selected_bars": 261,
  "equity_curve": [
    1.0,
    1.0,
    1.0,
    1.0,
    1.0,
    0.9990014982411176,
    0.9988516480163815,
    0.9988516480163815,
    0.9988516480163815,
    0.9988516480163815,
    0.9988516480163815,
    0.9988516480163815,
    0.9988516480163815,
    0.9988516480163815,
    0.9988516480163815,
    0.9968765045182321,
    0.993999957644636,
    0.9882089728855861,
    0.994341241546149,
    1.001127627108199,
    1.0009144061288124,
    0.9944325574945544,
    0.9944325574945544,
    0.9957781703740888,
    0.9934644823794369,
    0.9907139369307807,
    0.9904098171650831,
    0.9923604379946362,
    0.9842682139034552,
    0.9841205736713697,
    0.9839466121389052,
    0.9837990201470844,
    0.9837990201470844,
    0.9837990201470844,
    0.9837990201470844,
    0.9837990201470844,
    0.9837990201470844,
    0.9837990201470844,
    0.9837990201470844,
    0.9837990201470844,
    0.9837990201470844,
    0.9837990201470844,
    0.9837990201470844,
    0.9837990201470844,
    0.9837990201470844,
    0.9837990201470844,
    0.9837990201470844,
    0.9837990201470844,
    0.9837990201470844,
    0.9837990201470844,
    0.9837990201470844,
    0.9837990201470844,
    0.9837990201470844,
    0.981458128600816,
    0.982063444105719,
    0.986185427463764,
    0.9825836059660625,
    0.9790725238803322,
    0.9789500746611324,
    0.9788032321499333,
    0.9788032321499333,
    0.9788032321499333,
    0.9788032321499333,
    0.9788032321499333,
    0.9788032321499333,
    0.9788032321499333,
    0.9788032321499333,
    0.9788032321499333,
    0.9788032321499333,
    0.9788032321499333,
    0.9788032321499333,
    0.9788032321499333,
    0.9788032321499333,
    0.9788032321499333,
    0.9788032321499333,
    0.9788032321499333,
    0.9788032321499333,
    0.9788032321499333,
    0.9788032321499333,
    0.9788032321499333,
    0.9788032321499333,
    0.9788032321499333,
    0.9780896207326983,
    0.9829849829662204,
    0.9826914054497182,
    0.9813394381336057,
    0.9811922372178856,
    0.9810139191534003,
    0.9810139191534003,
    0.9808667670655273,
    0.976419851187247,
    0.9766173493514335,
    0.9744073410576729,
    0.9774876319683075,
    0.9699147015699238,
    0.9627419427242696,
    0.9626085188744797,
    0.9577467970802883,
    0.957196675164604,
    0.9530012405453215,
    0.9528582903592397,
    0.9481395858935554,
    0.9507057209689074,
    0.9491774003578447,
    0.9460292446571438,
    0.9461458105121204,
    0.9460038886405436,
    0.9460038886405436,
    0.9460038886405436,
    0.9460038886405436,
    0.9460038886405436,
    0.9460038886405436,
    0.9460038886405436,
    0.9460038886405436,
    0.9460038886405436,
    0.9460038886405436,
    0.9460038886405436,
    0.9460038886405436,
    0.9460038886405436,
    0.9460038886405436,
    0.9460038886405436,
    0.9460038886405436,
    0.9460038886405436,
    0.9460038886405436,
    0.9460038886405436,
    0.9460038886405436,
    0.9460038886405436,
    0.9460038886405436,
    0.9460038886405436,
    0.9471241506352589,
    0.9469820820126637,
    0.9469820820126637,
    0.9469820820126637,
    0.9469820820126637,
    0.9469820820126637,
    0.9469820820126637,
    0.9469820820126637,
    0.9469820820126637,
    0.9469820820126637,
    0.944259741478218,
    0.9434981770100921,
    0.9362204375460689,
    0.9362204375460689,
    0.9360800044804369,
    0.9360800044804369,
    0.9360800044804369,
    0.9360800044804369,
    0.9360800044804369,
    0.9360800044804369,
    0.9360800044804369,
    0.9360800044804369,
    0.9360800044804369,
    0.9360800044804369,
    0.9360800044804369,
    0.9360800044804369,
    0.9360800044804369,
    0.9360800044804369,
    0.9360800044804369,
    0.9360800044804369,
    0.9360800044804369,
    0.9360800044804369,
    0.9360800044804369,
    0.9360800044804369,
    0.9360800044804369,
    0.9360800044804369,
    0.9360800044804369,
    0.9360800044804369,
    0.9360800044804369,
    0.9360800044804369,
    0.9360800044804369,
    0.9360800044804369,
    0.9360800044804369,
    0.9360800044804369,
    0.9360800044804369,
    0.9360800044804369,
    0.9360800044804369,
    0.9360800044804369,
    0.9360800044804369,
    0.9360800044804369,
    0.9360800044804369,
    0.9360800044804369,
    0.9360800044804369,
    0.9360800044804369,
    0.9360800044804369,
    0.9360800044804369,
    0.9360800044804369,
    0.9360800044804369,
    0.9360800044804369,
    0.9360800044804369,
    0.9360800044804369,
    0.9360800044804369,
    0.9360800044804369,
    0.9360800044804369,
    0.9360800044804369,
    0.9360800044804369,
    0.9360800044804369,
    0.9360800044804369,
    0.9360800044804369,
    0.9360800044804369,
    0.9360800044804369,
    0.9360800044804369,
    0.9360800044804369,
    0.9360800044804369,
    0.9360800044804369,
    0.9329646937363475,
    0.9328247490322871,
    0.9328247490322871,
    0.9328247490322871,
    0.9328247490322871,
    0.9328247490322871,
    0.9328247490322871,
    0.936434213202561,
    0.941430410662306,
    0.9409184737457533,
    0.9394536898229658,
    0.939968470750205,
    0.9400452218938696,
    0.9399042151105855,
    0.9399042151105855,
    0.9399042151105855,
    0.9399042151105855,
    0.9399042151105855,
    0.9399042151105855,
    0.9399042151105855,
    0.9399042151105855,
    0.9399042151105855,
    0.9399042151105855,
    0.9399042151105855,
    0.9399042151105855,
    0.9399042151105855,
    0.9399042151105855,
    0.9399042151105855,
    0.9399042151105855,
    0.9399042151105855,
    0.9399042151105855,
    0.9399042151105855,
    0.9399042151105855,
    0.9399042151105855,
    0.9399042151105855,
    0.9399042151105855,
    0.9399042151105855,
    0.9399042151105855,
    0.9399042151105855,
    0.9399042151105855,
    0.9399042151105855,
    0.9399042151105855,
    0.9399042151105855,
    0.9329672131501259,
    0.9328272680681534,
    0.9328272680681534,
    0.9328272680681534,
    0.9328272680681534,
    0.9328272680681534,
    0.9328272680681534,
    0.9328272680681534,
    0.9328272680681534,
    0.9328272680681534,
    0.9328272680681534,
    0.9328272680681534,
    0.9328272680681534,
    0.9328272680681534,
    0.9328272680681534
  ]
}