{
  "pnl": -0.020405073659448943,
  "gross_pnl": -0.016055073659448943,
  "transaction_cost_pnl": -0.002899999999999999,
  "slippage_pnl": -0.0014499999999999995,
  "sharpe": -34.203086456128304,
  "max_drawdown": -0.023559537861177385,
  "hit_rate": 0.29411764705882354,
  "trade_count": 26,
  "long_count": 9,
  "short_count": 8,
  "flat_count": 26,
  "flip_positions": false,
  "nan_signal_count": 0,
  "cost_bps_per_trade": 1.0,
  "slippage_bps": 0.5,
  "equity_curve": [
    1.0,
    1.0,
    0.9998575917396667,
    0.9997076131009057,
    0.9982881579181884,
    0.9981384146945007,
    0.9981384146945007,
    0.9981384146945007,
    0.9941119312281174,
    0.9963729693955993,
    0.99622351345019,
    0.9965668236409108,
    0.9964173386173646,
    1.0032990160452355,
    1.0009102679874404,
    0.9983283048526441,
    0.9981785556069163,
    0.9985919916994468,
    0.9977141641866483,
    0.9924212663887289,
    0.9922724031987705,
    0.9922724031987705,
    0.9922724031987705,
    0.9922724031987705,
    0.9922724031987705,
    0.9881305180775956,
    0.987982298499884,
    0.9867468246372993,
    0.9865988126136037,
    0.9865988126136037,
    0.9865988126136037,
    0.9804714890404854,
    0.9803244183171294,
    0.9803244183171294,
    0.9803244183171294,
    0.9803244183171294,
    0.9803244183171294,
    0.9798087261995657,
    0.9796617548906358,
    0.9806293495937162,
    0.9804822551912771,
    0.9804822551912771,
    0.9804822551912771,
    0.9797171832023259
  ]
}