{
  "pnl": -0.03531541005046148,
  "gross_pnl": -0.027215410050461485,
  "transaction_cost_pnl": -0.005400000000000002,
  "slippage_pnl": -0.002700000000000001,
  "sharpe": -8.581636752784595,
  "max_drawdown": -0.03818100839467098,
  "hit_rate": 0.44285714285714284,
  "trade_count": 45,
  "long_count": 35,
  "short_count": 35,
  "flat_count": 281,
  "flip_positions": false,
  "nan_signal_count": 0,
  "cost_bps_per_trade": 1.0,
  "slippage_bps": 0.5,
  "confidence_threshold": null,
  "top_percentile": null,
  "selection_mode": "separate_long_short",
  "long_short_percentile": 0.1,
  "selected_bars": 70,
  "equity_curve": [
    1.0,
    1.0,
    1.0,
    1.0,
    1.0,
    1.0,
    1.0,
    1.0,
    1.0,
    1.0,
    1.0,
    1.0,
    1.0,
    1.0,
    1.0,
    1.0,
    1.0,
    1.0,
    1.0,
    1.0,
    1.0,
    1.0,
    1.0,
    1.0,
    1.0,
    1.0,
    1.0,
    1.0,
    1.0,
    1.0,
    1.0,
    1.0,
    1.0,
    1.0,
    1.0,
    1.0,
    1.0,
    1.0,
    1.0,
    1.0,
    1.0,
    1.0,
    1.0,
    1.0,
    1.0,
    1.0,
    1.0,
    1.0,
    1.0,
    1.0,
    1.0,
    1.0,
    1.0,
    1.0,
    1.0,
    1.0,
    1.0,
    1.0,
    0.9927935792050547,
    0.9925309361778811,
    0.9923820565374545,
    0.9923820565374545,
    0.9923820565374545,
    0.9923820565374545,
    0.9936133842814537,
    0.9925722165609683,
    0.9924233307284841,
    0.9924233307284841,
    0.9881090006513834,
    0.9917178475695249,
    0.9915690898923895,
    0.9915690898923895,
    0.9915690898923895,
    0.9915690898923895,
    0.9915690898923895,
    0.9915690898923895,
    0.9915690898923895,
    0.9915690898923895,
    0.9915690898923895,
    0.9915690898923895,
    0.9915690898923895,
    0.9915690898923895,
    0.9915690898923895,
    0.9915690898923895,
    0.9915690898923895,
    0.9915690898923895,
    0.9915690898923895,
    0.9915690898923895,
    0.9915690898923895,
    0.9915690898923895,
    0.9915690898923895,
    0.9915690898923895,
    0.9915690898923895,
    0.9915690898923895,
    0.9915690898923895,
    0.9915690898923895,
    0.9945966692135162,
    0.9948677787340154,
    0.9947185485672053,
    0.9947185485672053,
    0.9947185485672053,
    0.9947185485672053,
    0.9947185485672053,
    0.9947185485672053,
    0.9947185485672053,
    0.9947185485672053,
    0.9947185485672053,
    0.9947185485672053,
    0.9947185485672053,
    0.9947185485672053,
    0.9947185485672053,
    0.9947185485672053,
    0.9947185485672053,
    0.9947185485672053,
    0.9947185485672053,
    0.9947185485672053,
    0.9947185485672053,
    0.9947185485672053,
    0.9923183709001943,
    0.9954552820558734,
    0.9877431501381194,
    0.9804385455105993,
    0.9803026691356131,
    0.9753515817953378,
    0.9747913478355076,
    0.970518795001386,
    0.9734898998577991,
    0.9781647518211788,
    0.9755173537835199,
    0.9753710261804523,
    0.9753710261804523,
    0.9753710261804523,
    0.9753710261804523,
    0.9753710261804523,
    0.9753710261804523,
    0.9753710261804523,
    0.9753710261804523,
    0.9753710261804523,
    0.9753710261804523,
    0.9753710261804523,
    0.9753710261804523,
    0.9760672201732328,
    0.9774477618908686,
    0.9775807664976207,
    0.9774341293826461,
    0.9774341293826461,
    0.9774341293826461,
    0.9774341293826461,
    0.9774341293826461,
    0.980971336978665,
    0.9806770455775714,
    0.9795964704143035,
    0.9801041671266935,
    0.9799571515016244,
    0.9799571515016244,
    0.9799571515016244,
    0.9799571515016244,
    0.9799571515016244,
    0.9799571515016244,
    0.9758666719799637,
    0.9768742299343958,
    0.9755321122316853,
    0.9757920693443687,
    0.9762311139944432,
    0.976084679327344,
    0.976084679327344,
    0.976084679327344,
    0.976084679327344,
    0.976084679327344,
    0.976084679327344,
    0.9758245458088038,
    0.97569186051288,
    0.9755455067338031,
    0.9755455067338031,
    0.9755455067338031,
    0.9755455067338031,
    0.9755455067338031,
    0.9755455067338031,
    0.9755455067338031,
    0.9755455067338031,
    0.9755455067338031,
    0.9755455067338031,
    0.9755455067338031,
    0.9755455067338031,
    0.9755455067338031,
    0.9755455067338031,
    0.9755455067338031,
    0.975399174907793,
    0.9756363758602161,
    0.9758955343709366,
    0.9761840416868296,
    0.9760376140805765,
    0.9760376140805765,
    0.974757821513122,
    0.974757821513122,
    0.974611607839895,
    0.9647340708541644,
    0.9644741351813509,
    0.9631345570760831,
    0.9780274933166522,
    0.9747157762554371,
    0.9669055236091748,
    0.9705684742262214,
    0.9704228889550874,
    0.9704228889550874,
    0.9704228889550874,
    0.9704228889550874,
    0.9704228889550874,
    0.9705699250426006,
    0.9646877352035934,
    0.9631502158529512,
    0.9636613295869189,
    0.9634805253916409,
    0.9634324042949043,
    0.963250824893274,
    0.9644490003553092,
    0.964304333005256,
    0.964304333005256,
    0.9663398141224725,
    0.9678729108009758,
    0.9677277298643557,
    0.9677277298643557,
    0.9677277298643557,
    0.9677277298643557,
    0.9677277298643557,
    0.9677277298643557,
    0.9677277298643557,
    0.9677277298643557,
    0.96810852173719,
    0.9676707152825068,
    0.9652640820502763,
    0.9651192924379687,
    0.9651192924379687,
    0.9651192924379687,
    0.9651192924379687,
    0.9651192924379687,
    0.9651192924379687,
    0.9651192924379687,
    0.9651192924379687,
    0.9651192924379687,
    0.9651192924379687,
    0.9651192924379687,
    0.9651192924379687,
    0.9651192924379687,
    0.9651192924379687,
    0.9651192924379687,
    0.9651192924379687,
    0.9651192924379687,
    0.9651192924379687,
    0.9651192924379687,
    0.9651192924379687,
    0.9651192924379687,
    0.9651192924379687,
    0.9651192924379687,
    0.9651192924379687,
    0.9651192924379687,
    0.9651192924379687,
    0.9651192924379687,
    0.9651192924379687,
    0.9651192924379687,
    0.9651192924379687,
    0.9651192924379687,
    0.9651192924379687,
    0.9651192924379687,
    0.9651192924379687,
    0.9651192924379687,
    0.9651192924379687,
    0.9651192924379687,
    0.9651192924379687,
    0.9651192924379687,
    0.9651192924379687,
    0.9651192924379687,
    0.9651192924379687,
    0.9651192924379687,
    0.9651192924379687,
    0.9651192924379687,
    0.9651192924379687,
    0.9651192924379687,
    0.9651192924379687,
    0.9651192924379687,
    0.9651192924379687,
    0.9651192924379687,
    0.9651192924379687,
    0.9651192924379687,
    0.9651192924379687,
    0.9651192924379687,
    0.9651192924379687,
    0.9651192924379687,
    0.9651192924379687,
    0.9651192924379687,
    0.9651192924379687,
    0.9651192924379687,
    0.9651192924379687,
    0.9646618655999895,
    0.9645171663201495,
    0.9645171663201495,
    0.9645171663201495,
    0.9645171663201495,
    0.9645171663201495,
    0.9645171663201495,
    0.9645171663201495,
    0.9645171663201495,
    0.9645171663201495,
    0.9645171663201495,
    0.9645171663201495,
    0.9645171663201495,
    0.9645171663201495,
    0.9645171663201495,
    0.9645171663201495,
    0.9645171663201495,
    0.9645171663201495,
    0.9641011869431714,
    0.9641976465940069,
    0.9636928755273926,
    0.961818991605329,
    0.9653169302129708,
    0.9651721326734389,
    0.9651721326734389,
    0.9651721326734389,
    0.9651721326734389,
    0.9651721326734389,
    0.9651721326734389,
    0.9651721326734389,
    0.9651721326734389,
    0.9651721326734389,
    0.9651721326734389,
    0.9651721326734389,
    0.9651721326734389,
    0.9651721326734389,
    0.9651721326734389,
    0.9651721326734389,
    0.9651721326734389,
    0.9651721326734389,
    0.9651721326734389,
    0.9651721326734389,
    0.9651721326734389,
    0.9651721326734389,
    0.9651721326734389,
    0.9651721326734389,
    0.9651721326734389,
    0.9651721326734389,
    0.9651721326734389,
    0.9651721326734389,
    0.9651721326734389,
