{
  "pnl": 0.028054312423433553,
  "gross_pnl": 0.033304312423433555,
  "transaction_cost_pnl": -0.003499999999999998,
  "slippage_pnl": -0.001749999999999999,
  "sharpe": 7.556664111883282,
  "max_drawdown": -0.017913793139862827,
  "hit_rate": 0.5652173913043478,
  "trade_count": 35,
  "long_count": 65,
  "short_count": 4,
  "flat_count": 282,
  "flip_positions": false,
  "nan_signal_count": 0,
  "cost_bps_per_trade": 1.0,
  "slippage_bps": 0.5,
  "confidence_threshold": null,
  "top_percentile": 0.2,
  "selected_bars": 70,
  "equity_curve": [
    1.0,
    1.0,
    1.0,
    1.0,
    1.0011198703342015,
    1.001969322305032,
    1.0030286418603018,
    0.997998388895174,
    0.9995917335691507,
    1.0019529529028242,
    1.0027067433262145,
    1.0029052731865786,
    1.0032555799477612,
    1.0022071048963577,
    1.0020567738306232,
    1.0020567738306232,
    1.0020567738306232,
    1.0020567738306232,
    1.0020567738306232,
    1.0020567738306232,
    1.0020567738306232,
    1.0020567738306232,
    1.0020567738306232,
    1.0020567738306232,
    1.0020567738306232,
    1.0020567738306232,
    1.0020567738306232,
    1.0038800249275013,
    0.9956938641220686,
    0.9907291769481312,
    0.990702656599221,
    0.9905540512007311,
    0.9905540512007311,
    0.9905540512007311,
    0.9905540512007311,
    0.9905540512007311,
    0.9905540512007311,
    0.9905540512007311,
    0.9905540512007311,
    0.9905540512007311,
    0.9905540512007311,
    0.9905540512007311,
    0.9905540512007311,
    0.9905540512007311,
    0.9905540512007311,
    0.9905540512007311,
    0.9905540512007311,
    0.9905540512007311,
    0.9905540512007311,
    0.9905540512007311,
    0.9905540512007311,
    0.9905540512007311,
    0.9905540512007311,
    0.9905540512007311,
    0.9905540512007311,
    0.9905540512007311,
    0.9905540512007311,
    0.9905540512007311,
    0.9905540512007311,
    0.9905540512007311,
    0.9905540512007311,
    0.9905540512007311,
    0.9905540512007311,
    0.9905540512007311,
    0.9905540512007311,
    0.9905540512007311,
    0.9905540512007311,
    0.9905540512007311,
    0.9905540512007311,
    0.9905540512007311,
    0.9905540512007311,
    0.9905293532672197,
    0.9903807738642296,
    0.990171284343533,
    0.9948671980734071,
    0.9927051578708376,
    0.9883861872872864,
    0.9858967258237097,
    0.9889064608393265,
    0.9929088907339098,
    0.9901721383260976,
    0.9901536254815069,
    0.9900423727505269,
    0.9898938663946143,
    0.9898938663946143,
    0.9898938663946143,
    0.9898938663946143,
    0.9898938663946143,
    0.9898938663946143,
    0.9898938663946143,
    0.9898938663946143,
    0.9898938663946143,
    0.9898938663946143,
    0.9898938663946143,
    0.9898938663946143,
    0.9888449696998134,
    0.9920125581513671,
    0.9922829632887403,
    0.9912802653237812,
    0.9950304061286166,
    0.9948811515676973,
    0.9948811515676973,
    0.9948811515676973,
    0.9948811515676973,
    0.9948811515676973,
    0.9948811515676973,
    0.9948811515676973,
    0.9948811515676973,
    0.9948811515676973,
    0.9948811515676973,
    0.9948811515676973,
    0.9948811515676973,
    0.9948811515676973,
    0.9948811515676973,
    0.9948811515676973,
    0.9948811515676973,
    0.9948811515676973,
    0.9948811515676973,
    0.9948811515676973,
    0.9948811515676973,
    0.9948811515676973,
    0.9948811515676973,
    0.994869797332377,
    0.999894456974626,
    0.9997444728060798,
    0.9997444728060798,
    0.9997444728060798,
    0.9997444728060798,
    0.9997444728060798,
    0.9997444728060798,
    0.9997444728060798,
    0.9997444728060798,
    0.9997444728060798,
    0.9997444728060798,
    0.9997444728060798,
    0.9997444728060798,
    0.9997444728060798,
    0.9997444728060798,
    0.9997444728060798,
    0.9997444728060798,
    0.9997444728060798,
    0.9997444728060798,
    0.9997444728060798,
    0.9997444728060798,
    0.9997444728060798,
    0.9997444728060798,
    0.9997444728060798,
    0.9997444728060798,
    0.9997444728060798,
    0.9958266036232009,
    0.9958266036232009,
    0.9966251235955641,
    0.9964756298270248,
    0.9964756298270248,
    0.9964756298270248,
    0.9964756298270248,
    0.9964756298270248,
    0.9964756298270248,
    0.9964756298270248,
    0.9964756298270248,
    0.9964756298270248,
    0.9964756298270248,
    0.9964756298270248,
    0.9964756298270248,
    0.9964756298270248,
    0.9964756298270248,
    0.9964756298270248,
    0.9939075497740172,
    0.9925814739191594,
    0.9920568416843267,
    0.9921724233716331,
    0.9923073315292193,
    0.992337454100355,
    0.9936497025481076,
    0.9941590169682653,
    0.9940098931157201,
    0.9940098931157201,
    0.9891102124560063,
    0.991805294470366,
    0.9916565236761955,
    0.9916565236761955,
    0.9916565236761955,
    0.9916565236761955,
    0.9920319570794475,
    0.9918831522858855,
    0.9918831522858855,
    0.9918831522858855,
    0.9918831522858855,
    0.9918831522858855,
    0.9918831522858855,
    0.9918831522858855,
    0.9918831522858855,
    0.9918831522858855,
    0.9918831522858855,
    0.9918831522858855,
    0.9918831522858855,
    0.9918831522858855,
    0.9918831522858855,
    0.9918831522858855,
    1.0073694101265875,
    1.010478271574278,
    1.0185750837802656,
    1.0227393479154283,
    1.0230845296151305,
    1.0210395635865122,
    1.0208864076519741,
    1.018476916403024,
    1.0186926744954776,
    1.0185398705943034,
    1.0185398705943034,
    1.0185398705943034,
    1.0185398705943034,
    1.0185398705943034,
    1.0185398705943034,
    1.0185398705943034,
    1.0185398705943034,
    1.0185398705943034,
    1.0185398705943034,
    1.0185398705943034,
    1.0185398705943034,
    1.0185398705943034,
    1.0185398705943034,
    1.0185398705943034,
    1.0185398705943034,
    1.0185398705943034,
    1.0185398705943034,
    1.0185398705943034,
    1.0185398705943034,
    1.0185398705943034,
    1.0185398705943034,
    1.0185398705943034,
    1.0185398705943034,
    1.0185398705943034,
    1.0185398705943034,
    1.0185398705943034,
    1.0185398705943034,
    1.0185398705943034,
    1.0185398705943034,
    1.0185398705943034,
    1.0185398705943034,
    1.0185398705943034,
    1.0185398705943034,
    1.0185398705943034,
    1.0185398705943034,
    1.0185398705943034,
    1.0185398705943034,
    1.0185398705943034,
    1.0185398705943034,
    1.0185398705943034,
    1.0202837346556388,
    1.0220970633268127,
    1.0219437487673138,
    1.0219437487673138,
    1.0219437487673138,
    1.0218545717076974,
    1.0217012935219414,
    1.0217012935219414,
    1.0217012935219414,
    1.0217012935219414,
    1.0217012935219414,
    1.0217012935219414,
    1.0217012935219414,
    1.0217012935219414,
    1.0217012935219414,
    1.0217012935219414,
    1.0217012935219414,
    1.0217012935219414,
    1.0217012935219414,
    1.0217012935219414,
    1.0217012935219414,
    1.0217012935219414,
    1.0217012935219414,
    1.0217012935219414,
    1.0217012935219414,
    1.0217012935219414,
    1.0229222477243785,
    1.01881072271985,
    1.018657901111442,
    1.0190590345905766,
    1.0206454645862566,
    1.0200861939970471,
    1.0199331810679475,
    1.0199331810679475,
    1.0199331810679475,
    1.0199331810679475,
    1.0199331810679475,
    1.0199331810679475,
    1.0199331810679475,
    1.0199331810679475,
    1.0199331810679475,
    1.0199331810679475,
    1.0199331810679475,
    1.0199331810679475,
    1.0199331810679475,
    1.0199331810679475,
    1.0199331810679475,
    1.0199331810679475,
    1.0199331810679475,
    1.0199331810679475,
    1.0199331810679475,
    1.0199331810679475,
    1.0199331810679475,
    1.0199331810679475,
    1.019608703865642,
    1.0212824477272968,
    1.0211292553601377,
    1.0211292553601377,
    1.0211292553601377,
    1.0211292553601377,
    1.0211292553601377,
    1.0211292553601377,
    1.0211292553601377,
    1.0211292553601377,
