{
  "model_name": "gnn_panel",
  "split": "test",
  "generated_at": "2026-04-06 00:28:17",
  "metrics": {
    "accuracy": 0.4883720930232558,
    "precision": 0.6666666666666666,
    "recall": 0.08695652173913043,
    "auc": 0.4391304347826087,
    "tp": 2,
    "fp": 1,
    "tn": 19,
    "fn": 21,
    "brier_score": 0.2560559757895148,
    "ece": 0.0751617423312255,
    "return_mae": 0.2979206841352374,
    "return_rmse": 0.3440236057914504,
    "return_nll": 0.8123344990709064,
    "avg_predicted_return": 0.5046579941760662,
    "avg_actual_return": 0.500000006584234
  },
  "backtest": {
    "pnl": -0.007259471826330919,
    "gross_pnl": -0.005909471826330919,
    "transaction_cost_pnl": -0.0009000000000000002,
    "slippage_pnl": -0.0004500000000000001,
    "sharpe": -10.97188784032044,
    "max_drawdown": -0.022028609011982447,
    "hit_rate": 0.40540540540540543,
    "trade_count": 8,
    "long_count": 1,
    "short_count": 36,
    "flat_count": 6,
    "flip_positions": false,
    "nan_signal_count": 0,
    "cost_bps_per_trade": 1.0,
    "slippage_bps": 0.5,
    "equity_curve": [
      1.0,
      1.0,
      0.9998575917396667,
      0.9987487694661725,
      0.9974804880325073,
      0.9966341240839609,
      0.9955804451003942,
      0.9902888711861548,
      0.9901403278554769,
      0.9901403278554769,
      0.985878852488475,
      0.9853912253601689,
      0.9849214109133734,
      0.9779713909880176,
      0.9802998366691568,
      0.9780651304630195,
      0.9816903755411786,
      0.9811365151401513,
      0.9805683730846549,
      0.9804212878286923,
      0.9804212878286923,
      0.9813519941582511,
      0.9794667215779967,
      0.979535178216663,
      0.9799780547848712,
      0.9839216248515701,
      0.9858883111217664,
      0.9848033390413019,
      0.9869799467022969,
      0.9867708610498283,
      0.9864733323286651,
      0.9924519056000557,
      0.9923896413507203,
      0.9927657683801403,
      0.991803657102433,
      0.9915937008706524,
      0.9912946940624257,
      0.9916674628050296,
      0.9900395860299689,
      0.9911659366724362,
      0.9910172617819354,
      0.9913930792726126,
      0.9920415128700908,
      0.9926667983407461
    ]
  }
}