{
  "model_name": "panel_transformer",
  "split": "test",
  "generated_at": "2026-04-06 00:23:31",
  "metrics": {
    "accuracy": 0.46511627906976744,
    "precision": 0.0,
    "recall": 0.0,
    "auc": 0.5043478260869565,
    "tp": 0,
    "fp": 0,
    "tn": 20,
    "fn": 23,
    "brier_score": 0.26334141811000145,
    "ece": 0.11940950472641217,
    "return_mae": 0.30972128170867297,
    "return_rmse": 0.3629260573832085,
    "return_nll": 0.5985382737161408,
    "avg_predicted_return": 0.6002321451209313,
    "avg_actual_return": 0.500000006584234
  },
  "backtest": {
    "pnl": 0.004491389031750898,
    "gross_pnl": 0.004641389031750898,
    "transaction_cost_pnl": -0.0001,
    "slippage_pnl": -5e-05,
    "sharpe": 6.118441456691057,
    "max_drawdown": -0.013740063787623187,
    "hit_rate": 0.42857142857142855,
    "trade_count": 1,
    "long_count": 0,
    "short_count": 42,
    "flat_count": 1,
    "flip_positions": false,
    "nan_signal_count": 0,
    "cost_bps_per_trade": 1.0,
    "slippage_bps": 0.5,
    "equity_curve": [
      1.0,
      1.0,
      0.9998575917396667,
      0.9987487694661725,
      0.9974804880325073,
      0.9966341240839609,
      0.9955804451003942,
      1.0005733448811034,
      0.9966871249249083,
      0.9989540201906245,
      0.9948044545835463,
      0.9943124127488013,
      0.9938383448617378,
      0.9868254032982415,
      0.989174929439315,
      0.986919991438627,
      0.9905780574815355,
      0.9900191827346347,
      0.9894458970350607,
      0.9943980977064372,
      0.9929148296413777,
      0.9940063332177915,
      0.9920967504220464,
      0.9921660897954722,
      0.9926146771690683,
      0.9966090987885495,
      0.9986011450875989,
      0.9975021825076418,
      0.9997068570921319,
      0.9994950753217009,
      0.9991937100267702,
      1.0052493758130983,
      1.005186308678634,
      1.0055672857913962,
      1.0045927682798466,
      1.0043801047041563,
      1.0040772422625228,
      1.0044548177840276,
      1.002805949861263,
      1.0039468245715617,
      1.0025582609986943,
      1.0030888388519492,
      1.0037449222138022,
      1.0043775843634823
    ]
  }
}