{
  "pnl": -0.000825174103940312,
  "gross_pnl": 0.0024748258960596873,
  "transaction_cost_pnl": -0.0022,
  "slippage_pnl": -0.0011,
  "sharpe": -0.6103658252646933,
  "max_drawdown": -0.013352543509757212,
  "hit_rate": 0.6046511627906976,
  "trade_count": 22,
  "long_count": 34,
  "short_count": 9,
  "flat_count": 76,
  "nan_signal_count": 0,
  "cost_bps_per_trade": 1.0,
  "slippage_bps": 0.5
}