{
  "pnl": -0.006311644467255465,
  "gross_pnl": -0.003911644467255465,
  "transaction_cost_pnl": -0.0016000000000000005,
  "slippage_pnl": -0.0008000000000000003,
  "sharpe": -6.66651074879177,
  "max_drawdown": -0.012521872510815579,
  "hit_rate": 0.3333333333333333,
  "trade_count": 16,
  "long_count": 1,
  "short_count": 26,
  "flat_count": 92,
  "nan_signal_count": 0,
  "cost_bps_per_trade": 1.0,
  "slippage_bps": 0.5
}