{
  "pnl": -0.011636282402911816,
  "gross_pnl": -0.009836282402911817,
  "transaction_cost_pnl": -0.0012000000000000003,
  "slippage_pnl": -0.0006000000000000002,
  "sharpe": -5.6549876234973375,
  "max_drawdown": -0.03066217293119195,
  "hit_rate": 0.4326923076923077,
  "trade_count": 12,
  "long_count": 0,
  "short_count": 104,
  "flat_count": 15,
  "nan_signal_count": 0,
  "cost_bps_per_trade": 1.0,
  "slippage_bps": 0.5
}