{
  "model_name": "panel_transformer",
  "split": "test",
  "generated_at": "2026-04-05 23:57:55",
  "metrics": {
    "accuracy": 0.48717948717948717,
    "precision": 0.5357142857142857,
    "recall": 0.6122448979591837,
    "auc": 0.4704739960500329,
    "tp": 120,
    "fp": 104,
    "tn": 51,
    "fn": 76,
    "brier_score": 0.25027500116187335,
    "ece": 0.05136994100523691,
    "return_mae": 0.16864694144366973,
    "return_rmse": 0.17506286308371272,
    "return_nll": -0.2479733451184217,
    "avg_predicted_return": -0.16807020147811313,
    "avg_actual_return": 0.0005767399655566088
  },
  "backtest": {
    "pnl": 0.012650226299705802,
    "gross_pnl": 0.0186502262997058,
    "transaction_cost_pnl": -0.0039999999999999975,
    "slippage_pnl": -0.0019999999999999987,
    "sharpe": 3.2620204774248682,
    "max_drawdown": -0.027389060717616428,
    "hit_rate": 0.5185185185185185,
    "trade_count": 40,
    "long_count": 72,
    "short_count": 9,
    "flat_count": 270,
    "flip_positions": false,
    "nan_signal_count": 0,
    "cost_bps_per_trade": 1.0,
    "slippage_bps": 0.5,
    "equity_curve": [
      1.0,
      1.0,
      1.0,
      1.0,
      1.0,
      1.0006985017588825,
      1.0017564777549974,
      0.9967326047744441,
      0.998323928573027,
      1.0006821531183607,
      1.000532050795393,
      1.0005800702721919,
      1.0009295648586618,
      1.000779425423933,
      0.9999881387982965,
      1.0018155313887112,
      1.004706330120224,
      1.0045556241707059,
      0.9981712340495489,
      0.9980215083644415,
      0.9980215083644415,
      0.9980215083644415,
      0.9980215083644415,
      0.9980215083644415,
      0.9980215083644415,
      0.9980215083644415,
      0.9980215083644415,
      0.9980215083644415,
      0.9980215083644415,
      0.9980215083644415,
      0.9980215083644415,
      0.9980215083644415,
      0.9980215083644415,
      0.9980215083644415,
      0.9980215083644415,
      0.9980215083644415,
      0.9980215083644415,
      0.9980215083644415,
      0.9980215083644415,
      0.9980215083644415,
      0.9980215083644415,
      0.9980215083644415,
      0.9980215083644415,
      0.9980215083644415,
      0.9980215083644415,
      0.9975164582330203,
      0.996427441523206,
      0.9962779774069774,
      0.9962779774069774,
      0.9962779774069774,
      0.9962779774069774,
      0.9962779774069774,
      0.9962779774069774,
      0.9962779774069774,
      0.9962779774069774,
      0.9962779774069774,
      0.9962779774069774,
      0.9962779774069774,
      0.9962779774069774,
      0.9962779774069774,
      0.9962779774069774,
      0.9962779774069774,
      0.9962779774069774,
      0.9962779774069774,
      0.9962779774069774,
      0.9962779774069774,
      0.9962779774069774,
      0.9962779774069774,
      0.9962779774069774,
      0.9962779774069774,
      0.9962779774069774,
      0.9962779774069774,
      0.9962779774069774,
      0.9962779774069774,
      0.9962779774069774,
      0.9939634296095121,
      0.9896389846526464,
      0.9894905388049485,
      0.9894905388049485,
      0.9894905388049485,
      0.9894905388049485,
      0.9894905388049485,
      0.9894905388049485,
      0.9894905388049485,
      0.9894905388049485,
      0.9894905388049485,
      0.9894905388049485,
      0.9893421152241278,
      0.9891937139068443,
      0.9891937139068443,
      0.9891937139068443,
      0.9891937139068443,
      0.9891937139068443,
      0.9900040372070357,
      0.9900040372070357,
      0.9898555366014546,
      0.9898555366014546,
      0.9898555366014546,
      0.9898555366014546,
      0.9859623073982243,
      0.9811382142647909,
      0.9771883674411875,
      0.9787850408983901,
      0.9786382231422553,
      0.9786382231422553,
      0.9786382231422553,
      0.9786382231422553,
      0.9786382231422553,
      0.9786382231422553,
      0.9786382231422553,
      0.9786382231422553,
      0.9786382231422553,
      0.9786382231422553,
      0.9786382231422553,
      0.9786382231422553,
      0.9786382231422553,
      0.9827814440943969,
      0.9825826591856619,
      0.9848061665066691,
      0.9816930028885311,
      0.9892985137311442,
      0.9966146206567035,
      0.9967527388309971,
      1.001786908401261,
      1.0023623265961712,
      1.0067557242282128,
      1.0101397899918985,
      1.0149906405053155,
      1.0122435733830204,
      1.012091736847013,
      1.012091736847013,
      1.012091736847013,
      1.012091736847013,
      1.012091736847013,
      1.012091736847013,
      1.012091736847013,
      1.012091736847013,
      1.012091736847013,
      1.012091736847013,
      1.012091736847013,
      1.012091736847013,
      1.012091736847013,
      1.012091736847013,
      1.012091736847013,
      1.012091736847013,
      1.012091736847013,
      1.012091736847013,
      1.012091736847013,
      1.0073862087833685,
      1.007235100852051,
      1.007235100852051,
      1.007235100852051,
      1.007235100852051,
      1.007235100852051,
      1.007235100852051,
      1.007235100852051,
      1.007235100852051,
      1.007235100852051,
      1.007235100852051,
      1.007235100852051,
      1.007235100852051,
      1.0084678457855514,
      1.0083165756086836,
      1.0083165756086836,
      1.0083165756086836,
      1.0083165756086836,
      1.0075212550533765,
      1.0050758368127641,
      1.0037348601798757,
      1.0032043327856897,
      1.0033212132350997,
      1.0034576373214341,
      1.0034880983722612,
      1.0033375751575053,
      1.0033375751575053,
      1.0033375751575053,
      1.0033375751575053,
      1.0033375751575053,
      1.0033375751575053,
      1.0033375751575053,
      1.0033375751575053,
      1.0033375751575053,
      1.0033375751575053,
      1.0033375751575053,
      1.0033375751575053,
      1.0033375751575053,
      1.0033375751575053,
      1.0033375751575053,
      1.0033375751575053,
      1.0033375751575053,
      1.0033375751575053,
      1.0033375751575053,
      1.0033375751575053,
      1.0033375751575053,
      1.0033375751575053,
      1.0033375751575053,
      1.0033375751575053,
      1.0033375751575053,
      1.0033375751575053,
      1.0033375751575053,
      1.0033375751575053,
      1.0033375751575053,
      1.0033375751575053,
      1.0033375751575053,
      1.0033375751575053,
      1.0033375751575053,
      1.0033375751575053,
      1.0033375751575053,
      1.0033375751575053,
      1.0033375751575053,
      1.0033375751575053,
      1.0033375751575053,
      1.0033375751575053,
      1.0033375751575053,
      1.0033375751575053,
      1.0033375751575053,
      1.0033375751575053,
      1.0033375751575053,
      1.0033375751575053,
      1.0033375751575053,
      1.0033375751575053,
      1.0033375751575053,
      1.002848044089398,
      0.999669473244353,
      0.999157335779999,
      0.9971456274553673,
      1.001675065242888,
      1.005583924156082,
      1.0050373986338026,
      1.0054919053863414,
      1.0053410816005335,
      1.0053410816005335,
      1.0053410816005335,
      1.0053410816005335,
      1.0053410816005335,
      1.0053410816005335,
      1.0053410816005335,
      1.0053410816005335,
      1.0053410816005335,
      1.0053410816005335,
      1.0053410816005335,
      1.0053410816005335,
      1.0053410816005335,
      1.0053410816005335,
      1.0053410816005335,
      1.0053410816005335,
      1.0053410816005335,
      1.0053410816005335,
      1.0053410816005335,
      1.0053410816005335,
      1.0053410816005335,
      1.0053410816005335,
      1.0053410816005335,
      1.0053410816005335,
      1.0053410816005335,
      1.0053410816005335,
      1.0053410816005335,
      1.0053410816005335,
      1.0053410816005335,
      1.0053410816005335,
      1.0053410816005335,
      1.0053410816005335,
      1.0053410816005335,
      1.0053410816005335,
      1.0053410816005335,
      1.0053410816005335,
      1.0055129746980884,
      1.0066286730064555,
      1.0081838881948353,
