{
  "model_name": "panel_transformer",
  "split": "test",
  "generated_at": "2026-04-05 23:40:14",
  "metrics": {
    "accuracy": 0.47058823529411764,
    "precision": 0.5161290322580645,
    "recall": 0.25,
    "auc": 0.47642045454545456,
    "tp": 16,
    "fp": 15,
    "tn": 40,
    "fn": 48,
    "brier_score": 0.2548168418830691,
    "ece": 0.06080013586536599,
    "return_mae": 0.09432423956083286,
    "return_rmse": 0.11139107751358725,
    "return_nll": -0.42368197074061476,
    "avg_predicted_return": 0.09231285998175125,
    "avg_actual_return": 2.7068834032350025e-05
  },
  "backtest": {
    "pnl": -0.006311644467255465,
    "gross_pnl": -0.003911644467255465,
    "transaction_cost_pnl": -0.0016000000000000005,
    "slippage_pnl": -0.0008000000000000003,
    "sharpe": -6.66651074879177,
    "max_drawdown": -0.012521872510815579,
    "hit_rate": 0.3333333333333333,
    "trade_count": 16,
    "long_count": 1,
    "short_count": 26,
    "flat_count": 92,
    "nan_signal_count": 0,
    "cost_bps_per_trade": 1.0,
    "slippage_bps": 0.5
  }
}