{
  "model_name": "panel_transformer",
  "split": "test",
  "generated_at": "2026-04-05 21:01:21",
  "metrics": {
    "accuracy": 0.48739495798319327,
    "precision": 0.5168539325842697,
    "recall": 0.71875,
    "auc": 0.5238636363636363,
    "tp": 46,
    "fp": 43,
    "tn": 12,
    "fn": 18,
    "brier_score": 0.24890861088293864,
    "ece": 0.06015710001431037,
    "return_mae": 0.09652164168499883,
    "return_rmse": 0.11717939570391213,
    "return_nll": -0.47355913493150265,
    "avg_predicted_return": 0.08158361594028332,
    "avg_actual_return": 2.7068834032350025e-05
  },
  "backtest": {
    "pnl": -0.000825174103940312,
    "gross_pnl": 0.0024748258960596873,
    "transaction_cost_pnl": -0.0022,
    "slippage_pnl": -0.0011,
    "sharpe": -0.6103658252646933,
    "max_drawdown": -0.013352543509757212,
    "hit_rate": 0.6046511627906976,
    "trade_count": 22,
    "long_count": 34,
    "short_count": 9,
    "flat_count": 76,
    "nan_signal_count": 0,
    "cost_bps_per_trade": 1.0,
    "slippage_bps": 0.5
  }
}