{
  "model_name": "panel_transformer",
  "split": "test",
  "generated_at": "2026-04-05 23:34:49",
  "metrics": {
    "accuracy": 0.46218487394957986,
    "precision": 0.0,
    "recall": 0.0,
    "auc": 0.45482954545454546,
    "tp": 0,
    "fp": 0,
    "tn": 55,
    "fn": 64,
    "brier_score": 0.2651784483174446,
    "ece": 0.11917555351294365,
    "return_mae": 0.0723628570398501,
    "return_rmse": 0.0848674306800447,
    "return_nll": -0.04060378392159118,
    "avg_predicted_return": -0.006287808506553914,
    "avg_actual_return": 2.7068834032350025e-05
  },
  "backtest": {
    "pnl": -0.011636282402911816,
    "gross_pnl": -0.009836282402911817,
    "transaction_cost_pnl": -0.0012000000000000003,
    "slippage_pnl": -0.0006000000000000002,
    "sharpe": -5.6549876234973375,
    "max_drawdown": -0.03066217293119195,
    "hit_rate": 0.4326923076923077,
    "trade_count": 12,
    "long_count": 0,
    "short_count": 104,
    "flat_count": 15,
    "nan_signal_count": 0,
    "cost_bps_per_trade": 1.0,
    "slippage_bps": 0.5
  }
}